"seqnames","start","end","width","strand","count","name","exon","intron","utr5","utr5.","utr3","utr3.","intergenic","mirna","annot","target_gene","hfk.hf.padj","hfk.hf.log2FC","seed.8mer","seed.7m8","seed.7A1","seed.6mer","target_Ensembl_ID","target_Uniprot_ID","target_Entrez_ID"
"chr8",71457255,71457310,56,"-",1494,"peak897","Abhd8",NA,NA,NA,NA,NA,FALSE,NA,"exon","Abhd8",1.00551627268707e-05,-3.94315345500105,"miR-194-5p",NA,NA,NA,"ENSMUSG00000007950","Q8R0P8","64296"
"chr1",74248994,74249051,58,"+",2974,"peak1212",NA,"Arpc2",NA,NA,NA,NA,FALSE,NA,"intron","Arpc2",0.0126525090235892,3.79970791463679,"miR-194-5p",NA,NA,NA,"ENSMUSG00000006304","Q9CVB6","76709"
"chr1",74421777,74421831,55,"+",56525,"peak1236","Vil1","Vil1",NA,NA,NA,NA,FALSE,NA,"exon","Vil1",0.000726771015089673,1.44896912886055,"miR-194-5p",NA,NA,"miR-141-5p/6769b-3p","ENSMUSG00000026175","Q62468","22349"
"chr1",78417612,78417676,65,"+",3886,"peak1271","Sgpp2",NA,NA,NA,"Sgpp2",NA,FALSE,NA,"utr3","Sgpp2",0.423222352745777,-0.567896707207055,"miR-194-5p",NA,NA,NA,"ENSMUSG00000032908","Q810K3","433323"
"chr1",89520893,89520947,55,"+",4358,"peak1380",NA,"Agap1",NA,NA,NA,NA,FALSE,NA,"intron","Agap1",0.00582569496208714,3.14763879059334,"miR-194-5p",NA,NA,NA,"ENSMUSG00000055013","Q8BXK8","347722"
"chr1",127379439,127379491,53,"+",1562,"peak1492",NA,"Mgat5",NA,NA,NA,NA,FALSE,NA,"intron","Mgat5",0.105316938475169,2.26843360961503,"miR-194-5p",NA,"miR-328-3p",NA,"ENSMUSG00000036155","Q8R4G6","107895"
"chr1",130835449,130835502,54,"+",5231,"peak1510",NA,"Pigr",NA,NA,NA,NA,FALSE,NA,"intron","Pigr",0.123136518078664,1.32531119666819,"miR-194-5p",NA,NA,NA,"ENSMUSG00000026417","O70570","18703"
"chr1",133205343,133205424,82,"+",4886,"peak1617",NA,"Plekha6",NA,NA,NA,NA,FALSE,NA,"intron","Plekha6",0.00812884230022036,3.03730795173649,"miR-194-5p","miR-15-5p/16-5p/195-5p/322-5p/497-5p",NA,"miR-103-3p/107-3p, miR-378a-5p","ENSMUSG00000041757","Q7TQG1","240753"
"chr1",173450503,173450552,50,"+",3592,"peak1877",NA,"Aim2",NA,NA,NA,NA,FALSE,NA,"intron","Aim2",0.00455076462300212,4.26426736009091,"miR-194-5p",NA,NA,NA,"ENSMUSG00000037860","Q91VJ1","383619"
"chr1",36423399,36423452,54,"-",11116,"peak2012","Lman2l","Lman2l",NA,NA,"Lman2l","Lman2l",FALSE,NA,"utr3","Lman2l",0.0152335527216284,1.64994606038305,"miR-194-5p",NA,NA,"miR-1198-5p","ENSMUSG00000001143","P59481","214895"
"chr10",19603866,19603926,61,"+",3594,"peak2746","Ifngr1",NA,NA,NA,NA,"Ifngr1",FALSE,NA,"utr3*","Ifngr1",0.0661289623601254,1.87994701221715,"miR-194-5p",NA,NA,"miR-16-1-3p, miR-1198-5p","ENSMUSG00000020009","P15261","15979"
"chr10",42700762,42700818,57,"+",10436,"peak2810","Ostm1",NA,NA,NA,"Ostm1",NA,FALSE,NA,"utr3","Ostm1",0.0011232564221149,3.08935374165085,"miR-194-5p",NA,"miR-194-5p",NA,"ENSMUSG00000038280","Q8BGT0","14628"
"chr10",42833858,42833913,56,"+",2546,"peak2816",NA,NA,NA,NA,NA,"Sec63",FALSE,NA,"utr3*","Sec63",0.0320359940874476,3.3421936211944,"miR-194-5p",NA,"miR-30a-3p/30d-3p/30e-3p","miR-183-3p","ENSMUSG00000019802","Q8VHE0","140740"
"chr10",57809068,57809118,51,"+",7717,"peak2850","Smpdl3a",NA,NA,NA,NA,NA,FALSE,NA,"exon","Smpdl3a",0.000246129385111259,-2.07628925501213,"miR-194-5p",NA,NA,NA,"ENSMUSG00000019872","P70158","57319"
"chr10",108176548,108176605,58,"+",4351,"peak3254",NA,"Ppp1r12a",NA,NA,NA,NA,FALSE,NA,"intron","Ppp1r12a",0.648722570023092,-0.485413431139343,"miR-194-5p",NA,NA,"miR-34-5p/449-5p","ENSMUSG00000019907","Q9DBR7","17931"
"chr11",30826050,30826097,48,"+",4528,"peak4047",NA,"Psme4",NA,NA,NA,NA,FALSE,NA,"intron","Psme4",0.00938104799076303,4.11214195732134,"miR-194-5p, miR-224-5p",NA,NA,NA,"ENSMUSG00000040850","Q5SSW2","103554"
"chr11",45861621,45861674,54,"+",5875,"peak4125",NA,"Clint1",NA,NA,NA,NA,FALSE,NA,"intron","Clint1",0.00342883802656689,4.50855766254203,"miR-194-5p",NA,NA,NA,"ENSMUSG00000006169","Q99KN9","216705"
"chr11",101581409,101581477,69,"+",8429,"peak4841","Nbr1",NA,NA,"Tmem106a","Nbr1","Nbr1",FALSE,NA,"utr3","Nbr1",0.481427291415765,-0.581856801970885,"miR-194-5p",NA,NA,NA,"ENSMUSG00000017119","P97432","17966"
"chr11",117813571,117813636,66,"+",2893,"peak4993","Syngr2","RP23-268N22.1",NA,NA,"Syngr2","Syngr2",FALSE,NA,"utr3","Syngr2",0.116067204354934,1.43500245811009,"miR-194-5p",NA,NA,NA,"ENSMUSG00000048277","O55101","20973"
"chr11",30140542,30140595,54,"-",80852,"peak5167","Sptbn1",NA,NA,NA,NA,NA,FALSE,NA,"exon","Sptbn1",0.0540832726408569,1.08138278220731,"miR-194-5p",NA,NA,NA,"ENSMUSG00000020315","Q62261","20742"
"chr11",70977919,70977969,51,"-",5559,"peak5348","C1qbp",NA,NA,NA,"C1qbp",NA,FALSE,NA,"utr3","C1qbp",0.00235347021355785,3.47767507073265,"miR-194-5p",NA,NA,NA,"ENSMUSG00000018446","O35658","12261"
"chr12",16925847,16925896,50,"+",5765,"peak6138",NA,"Rock2",NA,NA,NA,NA,FALSE,NA,"intron","Rock2",0.000393374486055135,5.34000390049547,"miR-194-5p",NA,NA,"miR-140-5p, miR-194-2-3p/6926-5p/7055-5p","ENSMUSG00000020580","P70336","19878"
"chr12",21323961,21324031,71,"-",5593,"peak6526","Adam17",NA,NA,NA,"Adam17",NA,FALSE,NA,"utr3","Adam17",0.226046940867877,1.15326543207528,"miR-26-5p, miR-194-5p","miR-185-5p",NA,"miR-484","ENSMUSG00000052593","Q9Z0F8","11491"
"chr12",91638791,91638846,56,"-",5647,"peak6766","Ston2",NA,NA,NA,"Ston2",NA,FALSE,NA,"utr3","Ston2",0.0160977074475585,2.04280917279569,"miR-194-5p",NA,"let-7-5p/miR-98-5p","miR-340-5p, miR-1198-5p, miR-7-5p","ENSMUSG00000020961","Q8BZ60","108800"
"chr12",101894254,101894299,46,"-",26179,"peak6785","Trip11","Trip11",NA,NA,NA,NA,FALSE,NA,"exon","Trip11",0.33049594405641,-0.558263659132628,"miR-194-5p",NA,NA,NA,"ENSMUSG00000021188","Q811I5","109181"
"chr13",8805424,8805481,58,"-",4109,"peak7457","Wdr37",NA,NA,NA,"Wdr37","Wdr37",FALSE,NA,"utr3","Wdr37",0.0040008310156914,4.3264797185047,"miR-194-5p","miR-196-5p","miR-532-5p",NA,"ENSMUSG00000021147","Q8CBE3","207615"
"chr13",31880107,31880165,59,"-",7189,"peak7516",NA,"Gmds",NA,NA,NA,NA,FALSE,NA,"intron","Gmds",0.000184181156222015,5.60213429056655,"miR-194-5p","miR-141-3p","miR-146ab-5p","miR-16-1-3p, miR-324-3p","ENSMUSG00000038372","Q8K0C9","218138"
"chr13",64290560,64290613,54,"-",3324,"peak7695","Aaed1","Aaed1",NA,NA,"Aaed1","Aaed1",FALSE,NA,"utr3","Aaed1",0.00340183660152293,4.64825509911956,"miR-194-5p",NA,NA,"miR-23-3p, miR-153-3p","ENSMUSG00000021482","Q9D1A0",NA
"chr14",51105283,51105326,44,"+",3936,"peak8143","Rnase4",NA,NA,NA,"Rnase4",NA,FALSE,NA,"utr3","Rnase4",0.00070657343130252,5.22353303717253,"miR-194-5p",NA,NA,"miR-361-5p","ENSMUSG00000021876","Q9JJH1","58809"
"chr14",121283126,121283184,59,"+",2011,"peak8386","Farp1",NA,NA,NA,"Farp1",NA,FALSE,NA,"utr3","Farp1",0.248084943592244,-0.910833854270659,"miR-194-5p",NA,NA,NA,"ENSMUSG00000025555","F8VPU2","223254"
"chr14",57832662,57832716,55,"-",2761,"peak8591","Zdhhc20",NA,NA,NA,"Zdhhc20","Zdhhc20",FALSE,NA,"utr3","Zdhhc20",0.0271020831852085,3.45866466952397,"miR-194-5p",NA,"miR-146ab-5p",NA,"ENSMUSG00000021969","Q5Y5T1","75965"
"chr14",59647859,59647910,52,"-",2967,"peak8598","Atp8a2",NA,NA,NA,NA,NA,FALSE,NA,"exon","Atp8a2",0.572971708256148,0.459888470545098,"miR-194-5p",NA,NA,NA,"ENSMUSG00000021983","P98200","50769"
"chr14",63151234,63151292,59,"-",7252,"peak8607","Fdft1",NA,NA,NA,NA,NA,FALSE,NA,"exon","Fdft1",0.0295936291761956,-1.66794524334587,"miR-194-5p",NA,NA,"miR-141-5p/6769b-3p","ENSMUSG00000021273","P53798","14137"
"chr14",70584616,70584667,52,"-",3749,"peak8641","Fam160b2",NA,NA,NA,"Fam160b2",NA,FALSE,NA,"utr3","Fam160b2",0.0850791527042429,-1.22386020161477,"miR-194-5p",NA,"miR-15-5p/16-5p/195-5p/322-5p/497-5p",NA,"ENSMUSG00000022095","Q80YR2","239170"
"chr15",96308027,96308076,50,"+",8387,"peak9040",NA,"Arid2",NA,NA,NA,NA,FALSE,NA,"intron","Arid2",0.000703181489577154,2.96749728683569,"miR-194-5p, miR-194-2-3p/6926-5p/7055-5p",NA,NA,NA,"ENSMUSG00000033237","E9Q7E2","77044"
"chr15",37924945,37925002,58,"-",4698,"peak9235","Rrm2b",NA,NA,NA,"Rrm2b",NA,FALSE,NA,"utr3","Rrm2b",0.0772866998697996,1.71630157158449,"miR-194-5p","miR-200-3p/429-3p",NA,NA,"ENSMUSG00000022292","Q6PEE3","382985"
"chr15",64089328,64089364,37,"-",2309,"peak9298","Asap1",NA,NA,NA,"Asap1",NA,FALSE,NA,"utr3","Asap1",0.147842967432937,1.43866318635735,"miR-194-5p",NA,NA,"miR-15-5p/16-5p/195-5p/322-5p/497-5p","ENSMUSG00000022377","Q9QWY8","13196"
"chr15",64281119,64281171,53,"-",2321,"peak9305",NA,"Asap1",NA,NA,NA,NA,FALSE,NA,"intron","Asap1",0.00386430847495633,4.62270079465641,"miR-194-5p",NA,NA,NA,"ENSMUSG00000022377","Q9QWY8","13196"
"chr15",73012834,73012891,58,"-",10908,"peak9329","Trappc9",NA,NA,NA,NA,NA,FALSE,NA,"exon","Trappc9",0.192752705856048,0.783146759975933,"miR-194-5p",NA,NA,NA,"ENSMUSG00000047921","Q3U0M1","76510"
"chr15",96699459,96699515,57,"-",2421,"peak9712","Slc38a2",NA,"Slc38a2","Slc38a2",NA,NA,FALSE,NA,"utr5","Slc38a2",0.0400020207296754,2.81432219725689,"miR-194-5p",NA,NA,NA,"ENSMUSG00000022462","Q8CFE6","67760"
"chr16",35106573,35106631,59,"+",2568,"peak10026","Hacd2",NA,NA,NA,"Hacd2",NA,FALSE,NA,"utr3","Hacd2",0.032002644659464,3.32308471497477,"miR-194-5p",NA,NA,NA,NA,"Q9D3B1","70757"
"chr17",30062106,30062161,56,"+",8721,"peak10800",NA,"Zfand3",NA,NA,NA,NA,FALSE,NA,"intron","Zfand3",9.29915174407513e-05,5.56978044793358,"miR-194-5p","miR-16-2-3p",NA,"miR-340-5p","ENSMUSG00000044477","Q497H0","21769"
"chr17",36907776,36907824,49,"+",2780,"peak10948","Trim31","Trim31",NA,NA,NA,NA,FALSE,NA,"exon","Trim31",0.00046799006257508,-2.40455851844748,"miR-194-5p","miR-183-3p, miR-141-3p, miR-484",NA,NA,"ENSMUSG00000058063","Q8R0K2","224762"
"chr17",17529416,17529475,60,"-",3538,"peak11235","Lnpep",NA,NA,NA,"Lnpep",NA,FALSE,NA,"utr3","Lnpep",0.0897760043402261,1.86909339947333,"miR-194-5p",NA,"miR-200-3p/429-3p, miR-378-3p",NA,"ENSMUSG00000023845","Q8C129","240028"
"chr17",28972133,28972222,90,"-",5581,"peak11369","Stk38","Stk38",NA,NA,"Stk38","Stk38",FALSE,NA,"utr3","Stk38",0.164747530249784,1.35341918719921,"miR-194-5p",NA,NA,"miR-182-5p, miR-200-3p/429-3p, miR-96-5p","ENSMUSG00000024006","Q91VJ4","106504"
"chr17",35683614,35683669,56,"-",4914,"peak11488","Ddr1",NA,NA,NA,"Ddr1","Ddr1",FALSE,NA,"utr3","Ddr1",0.0032981183326609,4.42586688838462,"miR-194-5p",NA,NA,NA,"ENSMUSG00000003534","Q03146","12305"
"chr17",74219403,74219457,55,"-",2013,"peak11615",NA,"Memo1",NA,NA,NA,NA,FALSE,NA,"intron","Memo1",0.00610508242154203,4.44688368116585,"miR-194-5p",NA,"miR-30a-3p/30d-3p/30e-3p","miR-148-3p/152-3p","ENSMUSG00000058704","Q91VH6","76890"
"chr18",35124955,35125027,73,"+",5994,"peak11783",NA,"Ctnna1",NA,NA,NA,NA,FALSE,NA,"intron","Ctnna1",0.00999160904120328,4.01879874853892,"miR-194-5p",NA,"miR-24-3p",NA,"ENSMUSG00000037815","P26231","12385"
"chr19",6976852,6976896,45,"+",4509,"peak12511","Ppp1r14b","Ppp1r14b",NA,NA,NA,NA,FALSE,NA,"exon","Ppp1r14b",0.0467951194097139,1.43554500302187,"miR-194-5p, miR-194-2-3p/6926-5p/7055-5p",NA,NA,NA,"ENSMUSG00000056612","Q62084","18938"
"chr19",47642398,47642453,56,"+",4131,"peak12934","Slk",NA,NA,NA,"Slk",NA,FALSE,NA,"utr3","Slk",0.555066069407109,0.455888208518315,"miR-194-5p",NA,"miR-200-3p/429-3p",NA,"ENSMUSG00000025060","O54988","20874"
"chr19",55279470,55279523,54,"+",3924,"peak12980","Acsl5",NA,NA,NA,"Acsl5","Acsl5",FALSE,NA,"utr3","Acsl5",0.00950637104322487,3.94531023085106,"miR-194-5p",NA,"miR-1198-5p","miR-484","ENSMUSG00000024981","Q8JZR0","433256"
"chr19",57985203,57985253,51,"+",2785,"peak13038",NA,"Atrnl1",NA,NA,NA,NA,FALSE,NA,"intron","Atrnl1",0.0337806636083946,2.85657911930626,"miR-194-5p","miR-200-3p/429-3p",NA,NA,"ENSMUSG00000054843","Q6A051","226255"
"chr19",58057860,58057907,48,"+",3116,"peak13040",NA,"Atrnl1",NA,NA,NA,NA,FALSE,NA,"intron","Atrnl1",0.0398763505894303,2.03707058753608,"miR-194-5p","miR-345-5p",NA,NA,"ENSMUSG00000054843","Q6A051","226255"
"chr19",58764016,58764061,46,"+",3099,"peak13053",NA,"Pnliprp2",NA,NA,NA,NA,FALSE,NA,"intron","Pnliprp2",0.000462325305162168,5.42001332441804,"miR-194-5p",NA,NA,"miR-191-5p","ENSMUSG00000025091","P17892","18947"
"chr19",5842251,5842297,47,"-",12295,"peak13233","Neat1",NA,NA,NA,NA,NA,FALSE,NA,"exon","Neat1",2.70421636228004e-05,3.25682038393575,"miR-194-5p",NA,NA,"miR-17-5p/20-5p/93-5p/106-5p, miR-425-5p/489-3p","ENSMUSG00000092274","NA","66961"
"chr19",8707712,8707763,52,"-",3508,"peak13306","Slc3a2",NA,NA,NA,"Slc3a2",NA,FALSE,NA,"utr3","Slc3a2",0.0307534948727924,1.99180715714127,"miR-194-5p",NA,NA,NA,"ENSMUSG00000010095","P10852","17254"
"chr19",11216499,11216545,47,"-",2947,"peak13329",NA,"Ms4a12",NA,NA,NA,NA,FALSE,NA,"intron","Ms4a12",0.0144330149913713,3.77413071492378,"miR-194-5p",NA,NA,"miR-141-3p","ENSMUSG00000101031","A0A087WSB9","381213"
"chr2",30957706,30957769,64,"+",7129,"peak13784","Tor1b",NA,NA,NA,"Tor1b","Tor1b",FALSE,NA,"utr3","Tor1b",0.216256475927455,-0.873822018570907,"miR-194-5p",NA,"miR-205-5p, miR-192-5p/215-5p","miR-205-5p","ENSMUSG00000026848","Q9ER41","30934"
"chr2",32537702,32537765,64,"+",1544,"peak13802",NA,"Fam102a",NA,NA,NA,NA,FALSE,NA,"intron","Fam102a",0.229268475857995,1.41050692140801,"miR-194-5p","miR-224-5p",NA,NA,"ENSMUSG00000039157","Q78T81","98952"
"chr2",68878976,68879033,58,"+",9896,"peak13904",NA,"Cers6",NA,NA,NA,NA,FALSE,NA,"intron","Cers6",0.0234260319223592,1.94770524756374,"miR-194-5p, let-7-5p/miR-98-5p",NA,NA,"miR-196-5p, miR-186-5p","ENSMUSG00000027035","Q8C172","241447"
"chr2",69402937,69402992,56,"+",9430,"peak13940","Dhrs9",NA,NA,NA,"Dhrs9",NA,FALSE,NA,"utr3","Dhrs9",0.000395469571696926,3.9141527328314,"miR-182-5p, miR-194-5p",NA,"miR-96-5p","miR-186-5p","ENSMUSG00000027068","Q58NB6","241452"
"chr2",112312129,112312181,53,"+",3984,"peak14088",NA,"Slc12a6",NA,NA,NA,NA,FALSE,NA,"intron","Slc12a6",0.00801453235490097,4.54575517250892,"miR-194-5p",NA,"miR-375-3p",NA,"ENSMUSG00000027130","Q924N4","107723"
"chr2",130424388,130424443,56,"+",6873,"peak14340","Vps16",NA,"Vps16",NA,NA,NA,FALSE,NA,"utr5","Vps16",0.0105176120176329,2.75427916221676,"miR-194-5p",NA,NA,NA,"ENSMUSG00000027411","Q920Q4","80743"
"chr2",181552371,181552439,69,"+",154410,"peak14688","Dnajc5",NA,NA,NA,"Dnajc5","Dnajc5",FALSE,NA,"utr3","Dnajc5",4.5529995170063e-12,3.2101917144682,"miR-194-5p",NA,NA,"miR-24-3p","ENSMUSG00000000826","P60904 Q9CQ94","13002"
"chr2",60352399,60352447,49,"-",25261,"peak14846","Ly75","Ly75",NA,NA,NA,NA,FALSE,NA,"exon","Ly75",0.972642820161516,-0.0268353472684873,"miR-194-5p",NA,NA,NA,"ENSMUSG00000026980","Q60767","17076"
"chr2",179949743,179949790,48,"-",1551,"peak15429",NA,"Taf4",NA,NA,NA,NA,FALSE,NA,"intron","Taf4",0.10789666107437,2.35615630064338,"miR-194-5p","miR-29-3p, miR-15-5p/16-5p/195-5p/322-5p/497-5p",NA,"miR-103-3p/107-3p, miR-15-5p/16-5p/195-5p/322-5p/497-5p",NA,"G5E8Z2","228980"
"chr2",181228328,181228382,55,"-",1273,"peak15440","Helz2","Helz2",NA,NA,"Helz2",NA,FALSE,NA,"utr3","Helz2",0.378818408536411,-0.822535925973079,"miR-194-5p",NA,NA,NA,"ENSMUSG00000027580","E9QAM5","229003"
"chr2",181232095,181232148,54,"-",3746,"peak15444","Helz2",NA,NA,NA,NA,NA,FALSE,NA,"exon","Helz2",0.00508140764903498,-1.5333962970893,"miR-194-5p",NA,"miR-103-3p/107-3p",NA,"ENSMUSG00000027580","E9QAM5","229003"
"chr3",36947884,36947933,50,"+",33106,"peak15554","RP23-243E17.1",NA,NA,NA,"RP23-243E17.1","RP23-243E17.1",FALSE,NA,"utr3","RP23-243E17.1",0.82722631633508,0.144705559440534,"miR-194-5p",NA,NA,"miR-484",NA,"NA",NA
"chr3",108108172,108108223,52,"-",9473,"peak16424","Gnai3",NA,NA,NA,"Gnai3","Gnai3",FALSE,NA,"utr3","Gnai3",7.75976552986871e-06,-2.94146805949574,"miR-194-5p, miR-200-3p/429-3p",NA,NA,NA,"ENSMUSG00000000001","Q9DC51","14679"
"chr4",45977834,45977886,53,"+",2086,"peak16766",NA,"Tdrd7",NA,NA,NA,NA,FALSE,NA,"intron","Tdrd7",0.102143181567673,2.06225412076033,"miR-194-5p",NA,NA,NA,"ENSMUSG00000035517","Q8K1H1","100121"
"chr4",100874594,100874644,51,"+",2455,"peak16881",NA,"Cachd1",NA,NA,NA,NA,FALSE,NA,"intron","Cachd1",0.00364972016675571,4.63441616914793,"miR-194-5p",NA,NA,"miR-186-5p","ENSMUSG00000028532","Q6PDJ1","320508"
"chr4",136261929,136261981,53,"+",6757,"peak17129",NA,"Tcea3",NA,NA,NA,NA,FALSE,NA,"intron","Tcea3",0.00425497735464454,2.40554155482686,"miR-194-5p",NA,"miR-205-5p",NA,"ENSMUSG00000001604","P23881","21401"
"chr4",150615009,150615064,56,"+",7383,"peak17256","Rere",NA,NA,NA,NA,NA,FALSE,NA,"exon","Rere",0.158828308156572,0.929357429811487,"miR-194-5p",NA,NA,NA,"ENSMUSG00000039852","Q80TZ9","68703"
"chr4",41292730,41292788,59,"-",7019,"peak17412","Dcaf12",NA,NA,NA,"Dcaf12",NA,FALSE,NA,"utr3","Dcaf12",0.00431019273888196,3.0804582831653,"miR-194-5p",NA,"miR-186-5p","miR-185-5p","ENSMUSG00000028436","Q8BGZ3","68970"
"chr4",56751242,56751288,47,"-",5142,"peak17544","Ikbkap",NA,NA,NA,"Ikbkap",NA,FALSE,NA,"utr3","Ikbkap",0.0156682622520415,2.08764047913161,"miR-194-5p",NA,NA,NA,"ENSMUSG00000028431","Q7TT37",NA
"chr4",123401508,123401556,49,"-",4342,"peak17879","Macf1",NA,NA,NA,NA,NA,FALSE,NA,"exon","Macf1",0.00420174344026064,4.32449157210638,"miR-194-5p",NA,"miR-19-3p",NA,"ENSMUSG00000028649","Q9QXZ0","11426"
"chr4",132352129,132352194,66,"-",6716,"peak17948","Snhg3","Rcc1",NA,"Rcc1",NA,NA,FALSE,NA,"utr5*","Snhg3 Rcc1",0.17636828677659,0.967927613266427,"miR-194-5p",NA,NA,NA,NA,"Q8VE37",NA
"chr4",151010192,151010248,57,"-",3547,"peak18150",NA,"Per3",NA,NA,NA,"Per3",FALSE,NA,"utr3*","Per3",0.00247294925212939,4.80584940525991,"miR-194-5p","miR-15-5p/16-5p/195-5p/322-5p/497-5p",NA,"miR-103-3p/107-3p","ENSMUSG00000028957","O70361","18628"
"chr4",155080794,155080840,47,"-",49545,"peak18182","Rer1","Rer1",NA,NA,NA,NA,FALSE,NA,"exon","Rer1",0.00636505538226962,2.2771599776375,"miR-194-5p",NA,NA,"miR-30-5p/384-5p","ENSMUSG00000029048","Q9CQU3","67830"
"chr5",8716235,8716289,55,"+",3064,"peak18245",NA,"Abcb1a",NA,NA,NA,NA,FALSE,NA,"intron","Abcb1a",0.043833304609183,3.32861770958508,"miR-194-5p, miR-24-3p",NA,NA,NA,"ENSMUSG00000040584","P21447","18671"
"chr5",20987184,20987243,60,"-",7973,"peak18928","Ptpn12",NA,NA,NA,"Ptpn12",NA,FALSE,NA,"utr3","Ptpn12",0.00182724878868366,3.54856475402235,"miR-194-5p",NA,"miR-200-3p/429-3p","miR-15-5p/16-5p/195-5p/322-5p/497-5p","ENSMUSG00000028771","P35831","19248"
"chr5",44029673,44029720,48,"-",12478,"peak19032","Prom1",NA,NA,NA,"Prom1",NA,FALSE,NA,"utr3","Prom1",0.00200867667218119,2.25807862220992,"miR-194-5p",NA,NA,"miR-200-3p/429-3p, miR-139-3p","ENSMUSG00000029086","O54990","19126"
"chr5",73118436,73118485,50,"-",1856,"peak19146","Fryl","Fryl",NA,NA,"Fryl",NA,FALSE,NA,"utr3","Fryl",0.0337229601340719,3.28823665713159,"miR-194-5p","miR-27-3p",NA,"miR-16-1-3p","ENSMUSG00000070733","Q80XD5","72313"
"chr5",143051425,143051474,50,"-",2474,"peak19633",NA,"Rnf216",NA,NA,NA,NA,FALSE,NA,"intron","Rnf216",0.0341289157098418,2.93859501513359,"miR-194-5p",NA,NA,NA,"ENSMUSG00000045078","P58283","108086"
"chr6",7874744,7874795,52,"+",11728,"peak19726","C1galt1",NA,NA,NA,"C1galt1",NA,FALSE,NA,"utr3","C1galt1",0.34385584841902,-0.459096636817984,"miR-194-5p",NA,"miR-26-5p",NA,"ENSMUSG00000042460 ENSMUSG00000048970","Q9JJ06 Q9JMG2","94192 59048"
"chr6",41951684,41951740,57,"+",24213,"peak19844","Sval1",NA,NA,NA,NA,NA,FALSE,NA,"exon","Sval1",8.92052095181519e-06,3.58840392180919,"miR-194-5p",NA,NA,NA,"ENSMUSG00000029865","Q9D2X6","71578"
"chr6",125130224,125130319,96,"+",2068,"peak20242","Chd4",NA,NA,"Nop2","Chd4",NA,FALSE,NA,"utr3","Chd4",0.517327720199714,0.638268893580334,"miR-194-5p",NA,NA,NA,"ENSMUSG00000063870","Q6PDQ2","107932"
"chr6",56787830,56787877,48,"-",11339,"peak20539",NA,"Kbtbd2",NA,NA,NA,NA,FALSE,NA,"intron","Kbtbd2",0.00048129727136487,2.9107257317903,"miR-194-5p",NA,"miR-25-3p/32-5p/92-3p/363-3p/367-3p",NA,"ENSMUSG00000059486","Q8BSY6","210973"
"chr6",83398855,83398913,59,"-",7940,"peak20677",NA,"Tet3",NA,NA,NA,NA,FALSE,NA,"intron","Tet3",0.0127282552925257,2.42586277991081,"miR-194-5p","miR-194-2-3p/6926-5p/7055-5p",NA,NA,"ENSMUSG00000034832","Q8BG87","194388"
"chr6",94279880,94279937,58,"-",2545,"peak20787",NA,"Magi1",NA,NA,NA,NA,FALSE,NA,"intron","Magi1",0.0308677287178619,3.42172905090052,"miR-194-5p",NA,"miR-378-3p, miR-15-5p/16-5p/195-5p/322-5p/497-5p",NA,"ENSMUSG00000045095","Q6RHR9","14924"
"chr6",119934318,119934366,49,"-",3938,"peak20867","Wnk1",NA,NA,NA,NA,NA,FALSE,NA,"exon","Wnk1",0.000340533503472406,5.40161189231517,"miR-194-5p",NA,NA,NA,"ENSMUSG00000045962","P83741","232341"
"chr7",16738467,16738524,58,"+",4245,"peak21045","Ap2s1",NA,"Ap2s1","Ap2s1",NA,NA,FALSE,NA,"utr5","Ap2s1",0.0438015500615253,-1.22403111031307,"miR-194-5p",NA,"miR-378-3p",NA,"ENSMUSG00000008036","P62743","232910"
"chr7",16833909,16833963,55,"+",4975,"peak21054","Strn4",NA,NA,NA,"Strn4","Strn4",FALSE,NA,"utr3","Strn4",0.665658382500125,0.346510639246469,"miR-194-5p","miR-141-5p/6769b-3p",NA,NA,"ENSMUSG00000030374","P58404","97387"
"chr7",27638854,27638923,70,"+",4011,"peak21110","Akt2",NA,NA,NA,"Akt2","Akt2",FALSE,NA,"utr3","Akt2",0.794690991493913,0.250319513712305,"miR-194-5p","miR-200-3p/429-3p",NA,"miR-26-5p, miR-1198-5p, miR-16-2-3p","ENSMUSG00000004056","Q60823","11652"
"chr7",75586205,75586262,58,"+",6373,"peak21328","Akap13",NA,NA,NA,NA,NA,FALSE,NA,"exon","Akap13",2.28337855282277e-06,-2.19661121953435,"miR-194-5p",NA,NA,"miR-103-3p/107-3p","ENSMUSG00000066406","E9Q394","75547"
"chr7",97635226,97635276,51,"+",7599,"peak21459",NA,"Rsf1",NA,NA,NA,NA,FALSE,NA,"intron","Rsf1",0.0016576318356721,4.23578702807187,"miR-194-5p",NA,NA,NA,"ENSMUSG00000035623","Q3UJ04","233532"
"chr7",130672967,130673016,50,"+",4187,"peak21669",NA,"Tacc2",NA,"Tacc2",NA,NA,FALSE,NA,"utr5*","Tacc2",0.00652089017803924,2.71608620642692,"miR-194-5p",NA,NA,"miR-183-5p","ENSMUSG00000030852","Q9JJG0","57752"
"chr7",24746210,24746261,52,"-",6456,"peak22011","Cd177",NA,NA,NA,NA,NA,FALSE,NA,"exon","Cd177",0.00941520633949774,2.05957746026818,"miR-194-5p",NA,NA,NA,"ENSMUSG00000052212","Q8R2S8","68891"
"chr7",24969752,24969803,52,"-",7043,"peak22015","Rabac1",NA,NA,NA,"Rabac1","Rabac1",FALSE,NA,"utr3","Rabac1",0.0283678794619164,1.59386528378806,"miR-194-5p",NA,NA,NA,"ENSMUSG00000003380","Q9Z0S9","14470"
"chr7",24971765,24971858,94,"-",2953,"peak22019","Rabac1",NA,NA,NA,NA,NA,FALSE,NA,"exon","Rabac1",0.871243885376306,0.185141290738903,"miR-194-5p, miR-151-3p","miR-103-3p/107-3p, miR-15-5p/16-5p/195-5p/322-5p/497-5p",NA,"miR-21ac-5p, miR-186-5p","ENSMUSG00000003380","Q9Z0S9","14470"
"chr7",30187093,30187144,52,"-",8076,"peak22160","Capns1",NA,NA,NA,"Capns1",NA,FALSE,NA,"utr3","Capns1",0.0167242487603319,1.60089695622958,"miR-194-5p",NA,NA,"let-7-5p/miR-98-5p","ENSMUSG00000001794","O88456","12336"
"chr7",98122381,98122436,56,"-",9487,"peak22416","Capn5",NA,NA,NA,"Capn5","Capn5",FALSE,NA,"utr3","Capn5",0.0850791527042429,1.06328516369221,"miR-194-5p",NA,NA,NA,"ENSMUSG00000035547","O08688","12337"
"chr8",11812200,11812255,56,"+",4229,"peak22752",NA,"Arhgef7",NA,NA,NA,NA,FALSE,NA,"intron","Arhgef7",0.00263281178006493,4.7869924967521,"miR-194-5p",NA,NA,NA,"ENSMUSG00000031511","Q9ES28","54126"
"chr8",117452162,117452211,50,"+",37301,"peak23177","Cmip",NA,NA,NA,NA,NA,FALSE,NA,"exon","Cmip",0.00749575391101959,1.62056614910839,"miR-194-5p",NA,NA,NA,"ENSMUSG00000034390","Q9D486","74440"
"chr8",8648423,8648473,51,"-",3055,"peak23277",NA,"Efnb2",NA,NA,NA,NA,FALSE,NA,"intron","Efnb2",0.0167242487603319,3.78753882849036,"miR-194-5p",NA,NA,"miR-141-3p","ENSMUSG00000001300","P52800","13642"
"chr8",121881224,121881283,60,"-",5218,"peak23698","Slc7a5",NA,NA,NA,"Slc7a5",NA,FALSE,NA,"utr3","Slc7a5",0.162197204510052,1.65279310442517,"miR-194-5p",NA,NA,"miR-484","ENSMUSG00000040010","Q9Z127","20539"
"chr9",44639349,44639406,58,"+",17780,"peak23840","Ddx6",NA,NA,NA,"Ddx6",NA,FALSE,NA,"utr3","Ddx6",0.000198461462928367,2.74275251766961,"miR-194-5p","miR-185-5p, miR-15-5p/16-5p/195-5p/322-5p/497-5p",NA,"miR-103-3p/107-3p, miR-141-3p","ENSMUSG00000032097","P54823","13209"
"chr9",66946831,66946881,51,"+",10077,"peak24002","Rps27l",NA,NA,NA,NA,NA,FALSE,NA,"exon","Rps27l",0.0943046988635975,-0.858498548915242,"miR-194-5p",NA,NA,NA,"ENSMUSG00000036781","Q6ZWY3","67941"
"chr9",78457513,78457559,47,"+",2068,"peak24085","Mto1",NA,NA,NA,"Mto1","Mto1",FALSE,NA,"utr3","Mto1",0.829151288322739,-0.179236813965716,"miR-194-5p, miR-34-5p/449-5p",NA,NA,NA,"ENSMUSG00000032342","Q923Z3","68291"
"chr9",108047192,108047245,54,"+",1503,"peak24210","Ip6k1",NA,NA,"Gmppb","Ip6k1","Ip6k1",FALSE,NA,"utr3","Ip6k1",0.213718779305524,1.32627034634916,"miR-194-5p",NA,NA,NA,"ENSMUSG00000032594","Q6PD10","27399"
"chr9",110384638,110384692,55,"+",2965,"peak24299","Scap",NA,NA,NA,NA,NA,FALSE,NA,"exon","Scap",0.0684127666567522,1.82619668198869,"miR-194-5p","miR-151-3p",NA,NA,"ENSMUSG00000032485","Q6GQT6","235623"
"chr9",118970781,118970832,52,"+",3000,"peak24337",NA,"Ctdspl",NA,NA,NA,NA,FALSE,NA,"intron","Ctdspl",0.0547768311371861,2.07658786036331,"miR-194-5p",NA,NA,NA,"ENSMUSG00000047409","P58465","69274"
"chr9",121461014,121461077,64,"+",6210,"peak24393","Trak1","Trak1",NA,NA,"Trak1",NA,FALSE,NA,"utr3","Trak1",0.144227874293504,-0.826058783760509,"miR-194-5p",NA,NA,"miR-139-3p","ENSMUSG00000032536","Q6PD31","67095"
"chr9",123546998,123547047,50,"+",2189,"peak24418","Sacm1l",NA,NA,NA,NA,NA,FALSE,NA,"exon","Sacm1l",0.531706706909569,0.549247804852367,"miR-194-5p",NA,NA,"miR-16-1-3p","ENSMUSG00000025240","Q9EP69","83493"
"chr9",50524737,50524785,49,"-",2242,"peak24634","Pts","Pts","Pts","Pts",NA,NA,FALSE,NA,"utr5","Pts",0.677740719337742,-0.403863584200549,"miR-194-5p",NA,NA,NA,"ENSMUSG00000032067","Q9R1Z7","19286"
"chr9",67030870,67030924,55,"-",2012,"peak24743","Tpm1","Tpm1",NA,NA,NA,"Tpm1",FALSE,NA,"utr3*","Tpm1",0.00665944347029814,4.40525151148084,"miR-194-5p","miR-30a-3p/30d-3p/30e-3p","miR-146ab-5p",NA,"ENSMUSG00000032366","P58771","22003"
"chr9",70031845,70031909,65,"-",15838,"peak24753","Gcnt3",NA,NA,NA,"Gcnt3",NA,FALSE,NA,"utr3","Gcnt3",0.0346856511073274,1.31153464603837,"miR-194-5p",NA,NA,NA,"ENSMUSG00000032226","Q5JCT0","72077"
"chr9",71935908,71935970,63,"-",4362,"peak24804",NA,"Tcf12",NA,NA,NA,NA,FALSE,NA,"intron","Tcf12",0.728187484102093,0.292614552117666,"miR-194-5p",NA,NA,NA,"ENSMUSG00000032228","Q61286","21406"
"chr9",110390653,110390705,53,"-",3172,"peak24991","Ptpn23",NA,NA,NA,NA,NA,FALSE,NA,"exon","Ptpn23",0.00453303612366862,4.7599026478779,"miR-194-5p","miR-182-5p",NA,"miR-96-5p","ENSMUSG00000036057","Q6PB44","104831"
"chrX",10596324,10596375,52,"+",3640,"peak25186","Tspan7",NA,NA,NA,"Tspan7","Tspan7",FALSE,NA,"utr3","Tspan7",0.127985920441372,1.26933165020404,"miR-194-5p",NA,NA,"miR-194-5p","ENSMUSG00000058254","Q62283","21912"
"chrX",96465927,96465983,57,"+",6327,"peak25400","Heph",NA,NA,NA,NA,NA,FALSE,NA,"exon","Heph",0.154769210582874,1.01482789713805,"miR-194-5p","miR-671-5p",NA,"miR-140-5p, miR-194-2-3p/6926-5p/7055-5p, miR-425-5p/489-3p","ENSMUSG00000031209","Q9Z0Z4","15203"
"chrX",142774455,142774505,51,"+",1822,"peak25455",NA,"Tmem164",NA,NA,NA,NA,FALSE,NA,"intron","Tmem164",0.0725150231840582,2.49561599005253,"miR-194-5p",NA,NA,NA,"ENSMUSG00000047045","Q6PHN7","209497"
"chrX",17557604,17557651,48,"-",5558,"peak25509","Fundc1",NA,NA,NA,"Fundc1","Fundc1",FALSE,NA,"utr3","Fundc1",0.0012160653139703,4.77503580981358,"miR-194-5p",NA,NA,NA,"ENSMUSG00000025040","Q9DB70","72018"
"chrX",38421678,38421728,51,"-",15269,"peak25518","Lamp2","Lamp2",NA,NA,"Lamp2",NA,FALSE,NA,"utr3","Lamp2",0.0927366166679282,-0.72694865174231,"miR-194-5p",NA,NA,"miR-23-3p","ENSMUSG00000016534","P17047","16784"
"chrX",77761842,77761932,91,"-",5345,"peak25586","Prkx",NA,NA,NA,"Prkx",NA,FALSE,NA,"utr3","Prkx",0.00257619475003533,5.00900961661036,"miR-139-5p, miR-194-5p","miR-29-3p, miR-23-3p, miR-16-1-3p","miR-194-5p","miR-181-5p","ENSMUSG00000035725","Q922R0","19108"
"chr1",91116226,91116293,68,"+",2275,"peak1391","Lrrfip1","Lrrfip1",NA,NA,"Lrrfip1",NA,FALSE,NA,"utr3","Lrrfip1",0.147856138038571,1.85320277073555,"miR-24-3p","miR-194-5p, miR-140-5p","miR-139-5p, miR-194-2-3p/6926-5p/7055-5p",NA,"ENSMUSG00000026305","Q3UZ39","16978"
"chr1",131161285,131161338,54,"+",27046,"peak1547","Eif2d",NA,NA,NA,"Eif2d","Eif2d",FALSE,NA,"utr3","Eif2d",0.695632443936341,0.19871319899348,NA,"miR-194-5p",NA,"miR-29-3p, miR-671-5p","ENSMUSG00000026427","Q61211","16865"
"chr1",132463763,132463821,59,"+",1835,"peak1574","Dstyk",NA,NA,NA,"Dstyk",NA,FALSE,NA,"utr3","Dstyk",0.360432065803772,0.9705733428219,"miR-30a-3p/30d-3p/30e-3p","miR-194-5p",NA,"miR-140-5p, miR-194-2-3p/6926-5p/7055-5p","ENSMUSG00000042046","Q6XUX1","213452"
"chr1",153909386,153909440,55,"+",2153,"peak1746","Glul",NA,NA,NA,"Glul",NA,FALSE,NA,"utr3","Glul",0.0213123955682802,3.56791513377588,NA,"miR-194-5p","miR-30a-3p/30d-3p/30e-3p","miR-139-3p","ENSMUSG00000026473","P15105","14645"
"chr1",156052441,156052534,94,"+",4227,"peak1753","Tor1aip2","Tor1aip2",NA,NA,"Tor1aip2",NA,FALSE,NA,"utr3","Tor1aip2",0.0238241882497498,2.6564340438484,NA,"miR-194-5p",NA,"miR-34-5p/449-5p","ENSMUSG00000050565","Q8BYU6 Q9ER81","240832"
"chr1",9745518,9745575,58,"-",3034,"peak1955","Vcpip1",NA,NA,NA,NA,NA,FALSE,NA,"exon","Vcpip1",0.0738958045490416,1.86101381895873,"miR-27-3p","miR-194-5p",NA,NA,"ENSMUSG00000045210","Q8CDG3","70675"
"chr1",36162288,36162341,54,"-",11097,"peak2004","Uggt1",NA,NA,NA,"Uggt1","Uggt1",FALSE,NA,"utr3","Uggt1",0.0262430135843269,-1.22513019909238,NA,"miR-194-5p",NA,"miR-194-5p, miR-192-5p/215-5p","ENSMUSG00000037470","Q6P5E4","320011"
"chr1",58903031,58903085,55,"-",5670,"peak2173","Trak2",NA,NA,NA,"Trak2","Trak2",FALSE,NA,"utr3","Trak2",0.542610215397417,0.472316606354266,"miR-24-3p","miR-194-5p",NA,NA,"ENSMUSG00000026028","Q6P9N8","70827"
"chr1",132988766,132988821,56,"-",2604,"peak2416","Mdm4","Mdm4",NA,NA,"Mdm4","Mdm4",FALSE,NA,"utr3","Mdm4",0.0215340519869125,3.53109253088695,NA,"miR-194-5p",NA,NA,"ENSMUSG00000054387","O35618","17248"
"chr1",144001037,144001118,82,"-",8117,"peak2482","Rgs2",NA,NA,NA,"Rgs2","Rgs2",FALSE,NA,"utr3","Rgs2",0.10735442152957,1.17546637695254,"miR-22-3p, miR-96-5p","miR-194-5p","miR-182-5p, miR-139-5p",NA,"ENSMUSG00000026360","O08849","19735"
"chr1",160735567,160735620,54,"-",1579,"peak2529","Rabgap1l",NA,NA,NA,NA,NA,FALSE,NA,"exon","Rabgap1l",0.00750820920260411,4.31931134302007,NA,"miR-194-5p","miR-671-5p",NA,"ENSMUSG00000026721","A6H6A9","29809"
"chr1",161241310,161241337,28,"-",1973,"peak2534","Prdx6",NA,NA,NA,"Prdx6","Prdx6",FALSE,NA,"utr3","Prdx6",0.185662792787485,2.04947476491379,NA,"miR-194-5p","miR-148-3p/152-3p",NA,"ENSMUSG00000026701","O08709 P99029","11758"
"chr1",164450512,164450562,51,"-",3794,"peak2572",NA,"Atp1b1",NA,NA,NA,NA,FALSE,NA,"intron","Atp1b1",0.0126980795304636,3.3459367683507,"miR-200-3p/429-3p","miR-194-5p, miR-141-3p",NA,"miR-324-3p","ENSMUSG00000026576","P14094","11931"
"chr10",58494698,58494758,61,"+",7355,"peak2860",NA,NA,NA,NA,NA,"Ranbp2",FALSE,NA,"utr3*","Ranbp2",0.762722445116798,0.219079077667558,"let-7-5p/miR-98-5p","miR-194-5p, miR-196-5p",NA,NA,"ENSMUSG00000003226","Q9ERU9","19386"
"chr10",79705546,79705597,52,"+",6352,"peak3015",NA,"Bsg",NA,NA,NA,NA,FALSE,NA,"intron","Bsg",0.00749575391101959,2.54290802860156,NA,"miR-194-5p","miR-141-3p","miR-194-5p","ENSMUSG00000023175","P18572","12215"
"chr10",83594689,83594761,73,"+",2473,"peak3138","RP23-233B6.2",NA,NA,NA,"RP23-233B6.2",NA,FALSE,NA,"utr3","RP23-233B6.2",0.0406210188184056,3.19139786158142,NA,"miR-194-5p",NA,"miR-34-5p/449-5p",NA,"NA",NA
"chr10",126998328,126998392,65,"+",2170,"peak3313","Ctdsp2",NA,NA,NA,"Ctdsp2",NA,FALSE,NA,"utr3","Ctdsp2",0.00500682819797606,4.56440944167189,NA,"miR-194-5p","miR-34-5p/449-5p",NA,"ENSMUSG00000078429","Q8BX07","52468"
"chr10",127842879,127842931,53,"+",4970,"peak3354",NA,"Rdh16",NA,NA,NA,NA,FALSE,NA,"intron","Rdh16",0.00334152789683304,4.48345015845457,NA,"miR-194-5p","miR-130-3p/301-3p","miR-194-5p, miR-181-5p","ENSMUSG00000069456","O54909","19683"
"chr10",19003711,19003761,51,"-",2902,"peak3440","Tnfaip3","Tnfaip3",NA,NA,NA,NA,FALSE,NA,"exon","Tnfaip3",0.927429381140021,-0.0943932434634924,NA,"miR-194-5p",NA,"miR-34-5p/449-5p","ENSMUSG00000019850","Q60769","21929"
"chr10",79910693,79910747,55,"-",6876,"peak3661","R3hdm4","R3hdm4",NA,"Med16","R3hdm4","R3hdm4",FALSE,NA,"utr3","R3hdm4",0.0725204967907826,-0.983215570058387,NA,"miR-194-5p",NA,"miR-185-5p","ENSMUSG00000035781","Q4VBF2","109284"
"chr11",6329567,6329623,57,"+",6814,"peak3992",NA,"Ogdh",NA,NA,NA,NA,FALSE,NA,"intron","Ogdh",0.074577533508453,1.26457566502647,NA,"miR-194-5p",NA,NA,"ENSMUSG00000020456","Q60597","18293"
"chr11",58390240,58390296,57,"+",19565,"peak4255","Lypd8",NA,NA,NA,NA,NA,FALSE,NA,"exon","Lypd8",0.421140756297226,0.376599932581884,NA,"miR-194-5p",NA,"miR-532-5p","ENSMUSG00000013643","Q9D7S0","70163"
"chr11",77273885,77273938,54,"+",3143,"peak4534",NA,"Ssh2",NA,NA,NA,NA,FALSE,NA,"intron","Ssh2",0.0213436049783242,3.06897839531806,NA,"miR-194-5p",NA,NA,"ENSMUSG00000037926","Q5SW75","237860"
"chr11",83779547,83779603,57,"+",2367,"peak4626","Heatr6",NA,NA,NA,NA,NA,FALSE,NA,"exon","Heatr6",0.794690991493913,0.257347671498332,NA,"miR-194-5p","miR-7-5p",NA,"ENSMUSG00000000976","Q6P1G0","217026"
"chr11",96049319,96049360,42,"-",1492,"peak5639","Ube2z",NA,NA,NA,"Ube2z",NA,FALSE,NA,"utr3","Ube2z",0.00727837180281993,4.32018400995943,NA,"miR-194-5p",NA,"miR-139-5p","ENSMUSG00000014349","Q3UE37","268470"
"chr11",100476474,100476560,87,"-",7534,"peak5757","Acly",NA,NA,NA,"Acly",NA,FALSE,NA,"utr3","Acly",0.765780012892608,0.249520277823754,NA,"miR-194-5p","miR-27-3p",NA,"ENSMUSG00000020917","Q91V92","104112"
"chr11",102479392,102479450,59,"-",1681,"peak5805","Gpatch8",NA,NA,NA,NA,NA,FALSE,NA,"exon","Gpatch8",0.000234827057232237,-2.71254233413142,"miR-15-5p/16-5p/195-5p/322-5p/497-5p","miR-194-5p, miR-378-3p","miR-34-5p/449-5p","miR-103-3p/107-3p, miR-141-5p/6769b-3p","ENSMUSG00000034621","A2A6A1","237943"
"chr11",120963779,120963833,55,"-",6739,"peak6045","Csnk1d",NA,NA,NA,"Csnk1d","Csnk1d",FALSE,NA,"utr3","Csnk1d",0.145849654579683,0.949565202407184,NA,"miR-194-5p, miR-33-5p",NA,NA,"ENSMUSG00000025162","Q9DC28","104318"
"chr12",3816132,3816182,51,"+",3410,"peak6074",NA,"Dnmt3a",NA,NA,NA,NA,FALSE,NA,"intron","Dnmt3a",0.0569952749716731,2.33297807702757,NA,"miR-194-5p, miR-196-5p, let-7-5p/miR-98-5p","miR-103-3p/107-3p",NA,"ENSMUSG00000020661","O88508","13435"
"chr12",76046169,76046220,52,"+",12747,"peak6291","Syne2","Syne2",NA,NA,NA,NA,FALSE,NA,"exon","Syne2",0.0947943402061295,1.01473899539232,"miR-139-3p","miR-194-5p","miR-34-5p/449-5p",NA,"ENSMUSG00000063450","Q6ZWQ0","319565"
"chr12",102554996,102555045,50,"+",1350,"peak6414","Chga",NA,"Chga",NA,NA,NA,FALSE,NA,"utr5","Chga",0.00806587332718967,4.5070822591841,NA,"miR-194-5p, miR-141-3p",NA,"miR-324-3p","ENSMUSG00000021194","P26339","12652"
"chr12",31941625,31941678,54,"-",2551,"peak6554",NA,"Hbp1",NA,NA,NA,NA,FALSE,NA,"intron","Hbp1",0.228168569308208,1.46807976269389,NA,"miR-194-5p",NA,NA,"ENSMUSG00000002996","Q8R316 Q9D1N2","73389"
"chr12",57541840,57541892,53,"-",52373,"peak6613","Foxa1",NA,NA,NA,"Foxa1",NA,FALSE,NA,"utr3","Foxa1",0.140948663207733,0.749420117364288,"miR-210-3p","miR-194-5p","miR-147-3p",NA,"ENSMUSG00000035451","P35582","15375"
"chr12",87355260,87355316,57,"-",2825,"peak6753",NA,"Sptlc2",NA,NA,NA,NA,FALSE,NA,"intron","Sptlc2",0.00843276205787702,4.41870896753001,NA,"miR-194-5p",NA,"miR-340-5p, miR-29-3p, miR-16-1-3p","ENSMUSG00000021036","P97363","20773"
"chr12",91682483,91682537,55,"-",1883,"peak6774",NA,"Ston2",NA,NA,NA,NA,FALSE,NA,"intron","Ston2",0.103789729103677,2.46083985761813,NA,"miR-194-5p, miR-345-5p",NA,NA,"ENSMUSG00000020961","Q8BZ60","108800"
"chr13",55315051,55315107,57,"+",6285,"peak7176","Nsd1",NA,NA,NA,"Nsd1",NA,FALSE,NA,"utr3","Nsd1",0.70552067694506,0.307142517243136,NA,"miR-194-5p",NA,"miR-103-3p/107-3p","ENSMUSG00000021488","O88491","18193"
"chr13",9685162,9685221,60,"-",1471,"peak7458","Zmynd11",NA,NA,NA,"Zmynd11",NA,FALSE,NA,"utr3","Zmynd11",0.0550947923850969,3.19474199163271,NA,"miR-194-5p",NA,"miR-361-5p","ENSMUSG00000021156","Q8R5C8","66505"
"chr13",98732114,98732168,55,"-",14387,"peak7806","Fcho2",NA,NA,NA,"Fcho2","Fcho2",FALSE,NA,"utr3","Fcho2",0.0043714867240539,-1.68296330605085,"let-7-5p/miR-98-5p","miR-194-5p","miR-375-3p","miR-196-5p","ENSMUSG00000041685","Q3UQN2","218503"
"chr13",103831534,103831583,50,"-",3412,"peak7889",NA,"Erbb2ip",NA,NA,NA,NA,FALSE,NA,"intron","Erbb2ip",0.00259120140652471,4.7685927266871,NA,"miR-139-5p, miR-194-5p",NA,"miR-186-5p","ENSMUSG00000021709","Q80TH2",NA
"chr14",101910100,101910151,52,"+",3060,"peak8342",NA,"Lmo7",NA,NA,NA,NA,FALSE,NA,"intron","Lmo7",0.0304715774154833,2.98252598157814,NA,"miR-194-5p",NA,NA,"ENSMUSG00000033060","E9PYF4","380928"
"chr14",120368565,120368612,48,"+",3241,"peak8379",NA,"Mbnl2",NA,NA,NA,NA,FALSE,NA,"intron","Mbnl2",0.000936043157244077,5.23530031783296,NA,"miR-194-5p","miR-7-5p",NA,"ENSMUSG00000022139","Q8C181","105559"
"chr14",75739031,75739078,48,"-",2437,"peak8674",NA,"Cog3",NA,NA,NA,NA,FALSE,NA,"intron","Cog3",0.00226450109572847,4.80140823181627,NA,"miR-194-5p",NA,NA,"ENSMUSG00000034893","Q8CI04","338337"
"chr15",101196018,101196132,115,"+",4220,"peak9098",NA,"Acvr1b",NA,NA,NA,NA,FALSE,NA,"intron","Acvr1b",0.00702351951988802,4.0561376455041,NA,"miR-194-5p, miR-194-5p, miR-194-5p, miR-15-5p/16-5p/195-5p/322-5p/497-5p, miR-15-5p/16-5p/195-5p/322-5p/497-5p, miR-15-5p/16-5p/195-5p/322-5p/497-5p, miR-15-5p/16-5p/195-5p/322-5p/497-5p, miR-15-5p/16-5p/195-5p/322-5p/497-5p","miR-103-3p/107-3p","miR-103-3p/107-3p, miR-103-3p/107-3p, miR-103-3p/107-3p, miR-103-3p/107-3p, miR-103-3p/107-3p","ENSMUSG00000000532","Q61271","11479"
"chr15",31480281,31480327,47,"-",5346,"peak9189","March6","March6",NA,NA,NA,NA,FALSE,NA,"exon","March6",0.139850126303123,1.43285263524381,NA,"miR-194-5p",NA,"miR-27-3p","ENSMUSG00000039100","Q6ZQ89","223455"
"chr15",64146180,64146227,48,"-",1348,"peak9302",NA,"Asap1",NA,NA,NA,NA,FALSE,NA,"intron","Asap1",0.176235550977716,1.78620576433152,NA,"miR-194-5p",NA,"miR-151-3p","ENSMUSG00000022377","Q9QWY8","13196"
"chr15",76177673,76177727,55,"-",2293,"peak9449","Plec",NA,NA,NA,NA,NA,FALSE,NA,"exon","Plec",0.345299138801766,-0.684894719839718,NA,"miR-194-5p",NA,NA,"ENSMUSG00000022565","Q9QXS1","18810"
"chr15",94588547,94588597,51,"-",33272,"peak9683",NA,"Twf1",NA,NA,NA,NA,FALSE,NA,"intron","Twf1",7.46085182277194e-09,3.88857823708621,NA,"miR-194-5p, miR-30a-3p/30d-3p/30e-3p",NA,NA,"ENSMUSG00000022451","Q91YR1","19230"
"chr15",98599955,98600008,54,"-",2171,"peak9740","Adcy6",NA,NA,NA,NA,NA,FALSE,NA,"exon","Adcy6",0.109399889461899,2.00811836185253,NA,"miR-194-5p",NA,NA,"ENSMUSG00000022994","Q01341","11512"
"chr16",33382056,33382116,61,"+",13145,"peak9983",NA,"Zfp148",NA,NA,NA,NA,FALSE,NA,"intron","Zfp148",0.154769210582874,0.907323642183206,NA,"miR-194-5p",NA,"miR-200-3p/429-3p","ENSMUSG00000022811","Q61624","22661"
"chr16",94468077,94468132,56,"+",6235,"peak10185","Ttc3","Ttc3",NA,NA,"Ttc3","Ttc3",FALSE,NA,"utr3","Ttc3",0.71221760920337,0.306658014159786,NA,"miR-194-5p",NA,"miR-375-3p, miR-33-5p, miR-130-3p/301-3p","ENSMUSG00000035944 ENSMUSG00000040785 ENSMUSG00000028555 ENSMUSG00000038172","A3KMP2 O88196 A2ACP1 Q8BYY4","239570 22129 230603 69863"
"chr16",32044479,32044534,56,"-",2658,"peak10412","Pak2","Pak2",NA,NA,NA,NA,FALSE,NA,"exon","Pak2",1.49736425546937e-05,-2.39898958063308,NA,"miR-194-5p",NA,NA,"ENSMUSG00000022781","Q8CIN4","224105"
"chr17",12791133,12791199,67,"+",14949,"peak10608",NA,"Airn",NA,NA,NA,NA,FALSE,NA,"intron","Airn",0.00145896513838194,3.99169091145323,NA,"miR-194-5p",NA,NA,"ENSMUSG00000078247","Q78TB4","104103"
"chr17",12943359,12943417,59,"-",2918,"peak11217","Acat2",NA,NA,NA,"Acat2","Acat2",FALSE,NA,"utr3","Acat2",0.548625600938883,0.684355713067424,NA,"miR-194-5p","miR-17-5p/20-5p/93-5p/106-5p",NA,"ENSMUSG00000023832","O88908 Q8CAY6","110460"
"chr17",33950289,33950349,61,"-",2157,"peak11413","B3galt4",NA,NA,NA,NA,"Rps18",FALSE,NA,"utr3*","Rps18",0.701561240334423,0.40874767892094,"miR-29-3p","miR-194-5p",NA,"miR-29-3p","ENSMUSG00000008668","P62270","20084"
"chr17",65580267,65580318,52,"-",1973,"peak11580","Vapa",NA,NA,NA,"Vapa",NA,FALSE,NA,"utr3","Vapa",0.111448594333569,2.35792656689529,NA,"miR-194-5p",NA,"let-7-5p/miR-98-5p","ENSMUSG00000024091","Q9WV55","30960"
"chr18",31647462,31647510,49,"+",2518,"peak11758",NA,"Sap130",NA,NA,NA,NA,FALSE,NA,"intron","Sap130",0.0266792946873812,3.50304983618216,NA,"miR-194-5p",NA,NA,"ENSMUSG00000024260","Q8BIH0","269003"
"chr18",35165488,35165533,46,"+",2903,"peak11788",NA,"Ctnna1",NA,NA,NA,NA,FALSE,NA,"intron","Ctnna1",0.000509644193675561,5.67806219592182,"miR-24-3p","miR-194-5p",NA,NA,"ENSMUSG00000037815","P26231","12385"
"chr18",66464471,66464526,56,"+",4498,"peak11942","Pmaip1",NA,NA,NA,"Pmaip1",NA,FALSE,NA,"utr3","Pmaip1",0.957160964943714,0.0490712058098001,NA,"miR-194-5p",NA,NA,"ENSMUSG00000024521","Q9JM54","58801"
"chr18",83003864,83003932,69,"+",2940,"peak12027","Zfp516",NA,NA,NA,"Zfp516",NA,FALSE,NA,"utr3","Zfp516",0.628509600116693,-0.355900226202177,NA,"miR-194-5p, let-7-5p/miR-98-5p","miR-196-5p","miR-196-5p","ENSMUSG00000058881","Q7TSH3","329003"
"chr18",36505634,36505697,64,"-",5799,"peak12175","Hbegf",NA,NA,NA,"Hbegf","Hbegf",FALSE,NA,"utr3","Hbegf",0.00207347413062141,4.58076113722015,NA,"miR-194-5p",NA,NA,"ENSMUSG00000024486","Q06186","15200"
"chr18",61197377,61197430,54,"-",9600,"peak12318","Slc26a2",NA,NA,NA,"Slc26a2",NA,FALSE,NA,"utr3","Slc26a2",0.00584673128215054,2.01878552824571,NA,"miR-194-5p","miR-224-5p","miR-18-5p","ENSMUSG00000034320","Q62273","13521"
"chr18",73805097,73805148,52,"-",1662,"peak12403","Me2",NA,NA,NA,NA,NA,FALSE,NA,"exon","Me2",8.58534162511997e-06,-2.79381873028426,NA,"miR-194-5p",NA,"miR-140-5p","ENSMUSG00000024556","P15806 Q99KE1","107029"
"chr19",16528374,16528423,50,"+",1910,"peak12688",NA,"Gna14",NA,NA,NA,NA,FALSE,NA,"intron","Gna14",0.00575635665257726,4.4074499253745,NA,"miR-194-5p",NA,NA,"ENSMUSG00000024697","P30677","14675"
"chr19",36983443,36983487,45,"+",2081,"peak12807","Btaf1","Btaf1",NA,NA,NA,NA,FALSE,NA,"exon","Btaf1",0.0633110518075964,2.33661349456765,NA,"miR-194-5p",NA,NA,"ENSMUSG00000040565","E9QAE3","107182"
"chr19",46515408,46515456,49,"+",5897,"peak12913","Trim8",NA,NA,NA,NA,NA,FALSE,NA,"exon","Trim8",0.0253060595613675,1.81208561805067,NA,"miR-194-5p",NA,"miR-7-5p","ENSMUSG00000025034","Q99PJ2","93679"
"chr19",16715040,16715085,46,"-",3470,"peak13351","Vps13a","Vps13a",NA,NA,NA,NA,FALSE,NA,"exon","Vps13a",0.203572380562679,0.963610111162872,NA,"miR-194-5p","miR-16-2-3p","miR-141-5p/6769b-3p, miR-484","ENSMUSG00000046230","Q5H8C4","271564"
"chr19",24493427,24493475,49,"-",1998,"peak13405",NA,"Pip5k1b",NA,NA,NA,NA,FALSE,NA,"intron","Pip5k1b",0.00610970589207674,4.36480989484471,"miR-141-5p/6769b-3p","miR-194-5p, miR-15-5p/16-5p/195-5p/322-5p/497-5p",NA,"miR-103-3p/107-3p, miR-29-3p, miR-16-1-3p","ENSMUSG00000024867","P70181","18719"
"chr19",60221256,60221307,52,"-",9003,"peak13588","Fam204a","Fam204a","Fam204a","Fam204a",NA,NA,FALSE,NA,"utr5","Fam204a",0.0173228183036997,1.76544358280442,NA,"miR-194-5p",NA,"let-7-5p/miR-98-5p","ENSMUSG00000057858","Q8C6C7","76539"
"chr2",30958891,30958964,74,"+",3199,"peak13788","Tor1b",NA,NA,NA,"Tor1b",NA,FALSE,NA,"utr3","Tor1b",0.463291771457341,0.858836651434791,NA,"miR-194-5p",NA,"miR-18-5p","ENSMUSG00000026848","Q9ER41","30934"
"chr2",69402049,69402102,54,"+",25818,"peak13931","Dhrs9",NA,NA,NA,"Dhrs9",NA,FALSE,NA,"utr3","Dhrs9",9.8939470803427e-07,6.16116559023363,NA,"miR-194-5p","let-7-5p/miR-98-5p",NA,"ENSMUSG00000027068","Q58NB6","241452"
"chr2",90702418,90702469,52,"+",1794,"peak14021","Nup160",NA,NA,NA,NA,NA,FALSE,NA,"exon","Nup160",0.31217659205593,1.00087464196444,NA,"miR-194-5p",NA,NA,"ENSMUSG00000051329","Q9Z0W3","59015"
"chr2",91671054,91671119,66,"+",7697,"peak14042","Arhgap1",NA,NA,NA,"Arhgap1",NA,FALSE,NA,"utr3","Arhgap1",0.101376381748576,1.0095725813677,NA,"miR-194-5p","miR-18-5p","miR-186-5p","ENSMUSG00000049744 ENSMUSG00000041225 ENSMUSG00000027247 ENSMUSG00000030766","Q811M1 Q8C0D4 Q5FWK3 Q3UIA2","76117 75415 228359 70497"
"chr2",110012009,110012068,60,"+",5326,"peak14078","Lgr4",NA,NA,NA,NA,NA,FALSE,NA,"exon","Lgr4",0.0799514959147699,1.76022239909705,NA,"miR-194-5p",NA,"miR-361-5p, miR-7-5p","ENSMUSG00000050199","A2ARI4","107515"
"chr2",117146886,117146936,51,"+",4185,"peak14098",NA,"Spred1",NA,NA,NA,NA,FALSE,NA,"intron","Spred1",0.00771036615975612,3.52830531952518,NA,"miR-194-5p",NA,"miR-34-5p/449-5p","ENSMUSG00000027351","Q924S8","114715"
"chr2",128831473,128831529,57,"+",2889,"peak14281","Tmem87b",NA,NA,NA,NA,NA,FALSE,NA,"exon","Tmem87b",0.409709558818852,-0.623575369631243,NA,"miR-374b-5p, miR-194-5p",NA,"miR-15-5p/16-5p/195-5p/322-5p/497-5p","ENSMUSG00000014353","Q8BKU8","72477"
"chr2",129199743,129199794,52,"+",8821,"peak14295","Slc20a1",NA,NA,NA,NA,NA,FALSE,NA,"exon","Slc20a1",0.0676993765532094,1.209505742492,NA,"miR-194-5p",NA,"miR-15-5p/16-5p/195-5p/322-5p/497-5p, miR-671-5p","ENSMUSG00000027397","Q61609","20515"
"chr2",166071491,166071565,75,"+",5634,"peak14599","Ncoa3",NA,NA,NA,"Ncoa3","Ncoa3",FALSE,NA,"utr3","Ncoa3",0.738080122379892,-0.214976880386068,"miR-192-5p/215-5p","miR-194-5p, miR-24-3p",NA,NA,"ENSMUSG00000027678","O09000","17979"
"chr2",181521597,181521659,63,"+",3076,"peak14670",NA,"Dnajc5",NA,NA,NA,NA,FALSE,NA,"intron","Dnajc5",0.00636223730775348,4.38407608583721,NA,"miR-194-5p, miR-200-3p/429-3p",NA,NA,"ENSMUSG00000000826","P60904 Q9CQ94","13002"
"chr2",11747090,11747139,50,"-",1749,"peak14705","Fbxo18",NA,NA,NA,NA,NA,FALSE,NA,"exon","Fbxo18",0.0416494593854206,2.47153323084866,NA,"miR-194-5p, miR-96-5p",NA,"miR-182-5p","ENSMUSG00000058594","Q8K2I9",NA
"chr2",20937911,20937964,54,"-",4379,"peak14713",NA,"Arhgap21",NA,NA,NA,NA,FALSE,NA,"intron","Arhgap21",0.00361421340757166,4.37408093430163,NA,"miR-194-5p","miR-27-3p",NA,"ENSMUSG00000036591","Q6DFV3","71435"
"chr2",60303613,60303660,48,"-",1346,"peak14845","Ly75",NA,NA,NA,NA,NA,FALSE,NA,"exon","Ly75",0.0111759206716001,4.1402017414725,NA,"miR-194-5p",NA,"miR-378-3p, miR-194-2-3p/6926-5p/7055-5p, miR-328-3p","ENSMUSG00000026980","Q60767","17076"
"chr3",10397157,10397206,50,"+",2035,"peak15477",NA,"Chmp4c",NA,NA,NA,"Chmp4c",FALSE,NA,"utr3*","Chmp4c",0.00703492375015853,4.30386673175181,"miR-1198-5p","miR-194-5p",NA,NA,"ENSMUSG00000027536","Q9D7F7","66371"
"chr3",19217192,19217257,66,"+",3763,"peak15500","Mtfr1",NA,NA,NA,"Mtfr1","Mtfr1",FALSE,NA,"utr3","Mtfr1",0.306583598163195,0.8981429690864,NA,"miR-139-5p, miR-194-5p, miR-191-5p","miR-221-3p/222-3p",NA,"ENSMUSG00000027601","Q99MB2","67472"
"chr3",27976812,27976862,51,"+",1911,"peak15517",NA,"Pld1",NA,NA,NA,NA,FALSE,NA,"intron","Pld1",0.063882736777817,2.52640288383804,NA,"miR-194-5p",NA,NA,"ENSMUSG00000027695","Q9Z280","18805"
"chr3",58417223,58417274,52,"+",1704,"peak15582","Tsc22d2",NA,NA,NA,NA,NA,FALSE,NA,"exon","Tsc22d2",0.170906523764302,-1.16434396943526,NA,"miR-194-5p","miR-182-5p, miR-96-5p","miR-328-3p","ENSMUSG00000027806","E9Q7M2","72033"
"chr3",60573422,60573479,58,"+",1556,"peak15592",NA,"Mbnl1",NA,NA,NA,NA,FALSE,NA,"intron","Mbnl1",0.0171660648294314,4.1233870217971,NA,"miR-194-5p",NA,"miR-192-5p/215-5p","ENSMUSG00000027763","Q9JKP5","56758"
"chr3",90528179,90528230,52,"+",131611,"peak15694","S100a14",NA,NA,NA,"S100a14",NA,FALSE,NA,"utr3","S100a14",0.00211424924101671,-1.47074207959349,NA,"miR-194-5p",NA,"miR-141-5p/6769b-3p","ENSMUSG00000042306","Q9D2Q8","66166"
"chr3",8940961,8941020,60,"-",1728,"peak16071",NA,"Tpd52",NA,NA,NA,NA,FALSE,NA,"intron","Tpd52",0.0459355983011233,3.21023508580858,NA,"miR-194-5p","miR-484",NA,"ENSMUSG00000027506","Q62393","21985"
"chr3",8953734,8953795,62,"-",20641,"peak16076","Tpd52",NA,"Tpd52",NA,"Tpd52",NA,FALSE,NA,"utr3","Tpd52",0.169085608516515,0.70175917930416,NA,"miR-194-5p",NA,NA,"ENSMUSG00000027506","Q62393","21985"
"chr3",103752305,103752356,52,"-",3109,"peak16376",NA,"Hipk1",NA,NA,NA,"Hipk1",FALSE,NA,"utr3*","Hipk1",0.0247809382134182,3.57302941453439,NA,"miR-194-5p",NA,"miR-141-3p, let-7-5p/miR-98-5p","ENSMUSG00000008730","O88904","15257"
"chr3",108971268,108971327,60,"-",10205,"peak16455","Fam102b",NA,NA,NA,"Fam102b",NA,FALSE,NA,"utr3","Fam102b",0.023361225516427,-1.94828005313989,NA,"miR-194-5p, miR-141-3p",NA,NA,"ENSMUSG00000040339","Q8BQS4","329739"
"chr3",148833859,148833907,49,"-",3575,"peak16631","Adgrl2","Adgrl2",NA,NA,NA,NA,FALSE,NA,"exon","Adgrl2",0.0402063338380542,3.02164105891226,NA,"miR-194-5p",NA,NA,NA,"Q8JZZ7","99633"
"chr4",55382200,55382256,57,"+",2679,"peak16810",NA,"Rad23b",NA,NA,NA,NA,FALSE,NA,"intron","Rad23b",0.00261992842500289,4.74353459550948,NA,"miR-194-5p",NA,"miR-221-3p/222-3p","ENSMUSG00000028426","P54728","19359"
"chr4",103140168,103140219,52,"+",3107,"peak16892","Mier1",NA,NA,NA,NA,NA,FALSE,NA,"exon","Mier1",0.197343351092109,-0.791413098323361,NA,"miR-194-5p","miR-378a-5p",NA,"ENSMUSG00000028522","Q5UAK0","71148"
"chr4",129608204,129608256,53,"+",1789,"peak17066","Tmem234","Tmem234",NA,NA,"Tmem234","Tmem234",FALSE,NA,"utr3","Tmem234",0.463636696572152,0.814925332909186,NA,"miR-22-3p, miR-194-5p","miR-139-5p, miR-191-5p, miR-345-5p",NA,"ENSMUSG00000028797","Q8R1E7","76799"
"chr4",136548388,136548483,96,"+",3125,"peak17138","Luzp1","Luzp1",NA,NA,"Luzp1","Luzp1",FALSE,NA,"utr3","Luzp1",0.00182118694048811,4.87478679001577,NA,"miR-194-5p, miR-15-5p/16-5p/195-5p/322-5p/497-5p","miR-7-5p","miR-103-3p/107-3p","ENSMUSG00000001089","Q8R4U7","269593"
"chr4",150301381,150301432,52,"+",16984,"peak17252",NA,"Rere",NA,NA,NA,NA,FALSE,NA,"intron","Rere",0.000207287149178686,2.60516783340332,NA,"miR-194-5p",NA,NA,"ENSMUSG00000039852","Q80TZ9","68703"
"chr4",6957354,6957405,52,"-",2534,"peak17323",NA,"Tox",NA,NA,NA,NA,FALSE,NA,"intron","Tox",0.00659511452698179,4.39128565739494,NA,"miR-194-5p",NA,"miR-186-5p","ENSMUSG00000041272","Q66JW3","252838"
"chr4",58799683,58799736,54,"-",7901,"peak17593","RP23-211P15.1",NA,NA,NA,"RP23-211P15.1",NA,FALSE,NA,"utr3","RP23-211P15.1",0.00200003268935976,2.48684629021237,NA,"miR-194-5p, miR-141-3p, miR-30-5p/384-5p",NA,NA,NA,"NA",NA
"chr4",59514298,59514384,87,"-",4620,"peak17611","Ptbp3","Ptbp3",NA,NA,"Ptbp3",NA,FALSE,NA,"utr3","Ptbp3",0.293159170478813,0.891307067744799,NA,"miR-194-5p, miR-200-3p/429-3p",NA,"miR-340-5p, miR-484, miR-345-5p","ENSMUSG00000028382","Q8BHD7","230257"
"chr5",23502406,23502458,53,"+",1790,"peak18283","Kmt2e","Kmt2e",NA,NA,NA,"Kmt2e",FALSE,NA,"utr3*","Kmt2e",0.0718649427820061,2.52601127582869,NA,"miR-194-5p","miR-221-3p/222-3p","miR-139-5p, miR-328-3p, miR-1198-5p","ENSMUSG00000029004","Q3UG20","69188"
"chr5",108503150,108503223,74,"+",2773,"peak18627","Pcgf3",NA,NA,NA,"Pcgf3",NA,FALSE,NA,"utr3","Pcgf3",0.0844410943117978,2.42772123295446,NA,"miR-194-5p",NA,NA,"ENSMUSG00000033623","Q8BTQ0","69587"
"chr5",115329906,115329967,62,"+",2161,"peak18661",NA,"Srsf9",NA,NA,NA,"Srsf9",FALSE,NA,"utr3*","Srsf9",0.0423376626043503,3.17021160161227,NA,"miR-194-5p",NA,"miR-29-3p","ENSMUSG00000029538","Q9D0B0","108014"
"chr5",145096233,145096280,48,"+",3143,"peak18869","Arpc1a","Arpc1a",NA,NA,NA,NA,FALSE,NA,"exon","Arpc1a",0.145569784977291,1.14815775605841,NA,"miR-194-5p",NA,NA,"ENSMUSG00000029621","Q9R0Q6","56443"
"chr5",25387936,25387996,61,"-",2549,"peak18943","Kmt2c",NA,NA,NA,NA,NA,FALSE,NA,"exon","Kmt2c",0.0385140885982329,3.34001056649835,NA,"miR-194-5p, miR-324-3p",NA,NA,"ENSMUSG00000038056","Q8BRH4","231051"
"chr5",44094552,44094600,49,"-",9085,"peak19048","Prom1",NA,NA,NA,NA,NA,FALSE,NA,"exon","Prom1",0.00129690569289962,2.76331742246629,NA,"miR-194-5p",NA,NA,"ENSMUSG00000029086","O54990","19126"
"chr5",106694124,106694177,54,"-",4159,"peak19277","Zfp644","Zfp644",NA,NA,NA,NA,FALSE,NA,"exon","Zfp644",0.00311071367839274,4.40694870358927,NA,"miR-194-5p",NA,"miR-103-3p/107-3p","ENSMUSG00000049606","Q80TH4","52397"
"chr5",125027071,125027133,63,"-",3752,"peak19437","Ncor2",NA,NA,NA,NA,NA,FALSE,NA,"exon","Ncor2",0.0321915777871607,2.93656404033017,NA,"miR-194-5p",NA,NA,"ENSMUSG00000029478","Q9WU42","20602"
"chr5",137160117,137160189,73,"-",4010,"peak19554",NA,"CAAA01224633.1",NA,NA,NA,NA,FALSE,NA,"intron","CAAA01224633.1",0.00703492375015853,4.63160664794991,NA,"miR-194-5p",NA,NA,NA,"NA",NA
"chr5",140758483,140758537,55,"-",2926,"peak19612","Gna12",NA,NA,NA,"Gna12","Gna12",FALSE,NA,"utr3","Gna12",0.00508140764903498,4.46997061004317,NA,"miR-194-5p","miR-324-3p",NA,"ENSMUSG00000000149","P27600","14673"
"chr5",142903760,142903811,52,"-",65558,"peak19619","Actb",NA,NA,NA,"Actb",NA,FALSE,NA,"utr3","Actb",0.0528864646618616,0.815215539790135,NA,"miR-194-5p",NA,"miR-186-5p","ENSMUSG00000029580","P60710","11461"
"chr6",17099699,17099749,51,"+",2597,"peak19736","Tes","Tes",NA,NA,NA,NA,FALSE,NA,"exon","Tes",0.720102364725882,-0.273628770135326,NA,"miR-194-5p","miR-103-3p/107-3p",NA,"ENSMUSG00000029552","P47226","21753"
"chr6",52729311,52729366,56,"+",10602,"peak19873","Tax1bp1",NA,NA,NA,NA,NA,FALSE,NA,"exon","Tax1bp1",0.00299445748776268,2.42719580648795,NA,"miR-194-5p",NA,NA,"ENSMUSG00000004535","Q3UKC1","52440"
"chr6",91487463,91487519,57,"+",6118,"peak20092","Tmem43",NA,NA,NA,"Tmem43",NA,FALSE,NA,"utr3","Tmem43",0.0218435608505322,1.82239898679814,NA,"miR-194-5p, miR-30a-3p/30d-3p/30e-3p",NA,NA,"ENSMUSG00000030095","Q9DBS1","74122"
"chr6",141290505,141290548,44,"+",2036,"peak20357",NA,"Pde3a",NA,NA,NA,NA,FALSE,NA,"intron","Pde3a",0.107325379320611,1.61411491230537,NA,"miR-194-5p",NA,"miR-183-5p","ENSMUSG00000041741","Q9Z0X4","54611"
"chr6",142401862,142401910,49,"+",2483,"peak20363","Golt1b",NA,NA,NA,"Golt1b",NA,FALSE,NA,"utr3","Golt1b",0.213052642209008,1.07123149797775,NA,"miR-194-5p",NA,"miR-141-5p/6769b-3p, miR-186-5p","ENSMUSG00000030245","Q9CR60","66964"
"chr6",39137048,39137108,61,"-",2804,"peak20491","Kdm7a",NA,NA,NA,"Kdm7a",NA,FALSE,NA,"utr3","Kdm7a",0.0606221540836103,2.31786501597343,NA,"miR-194-5p",NA,NA,"ENSMUSG00000042599","Q3UWM4","338523"
"chr6",72610884,72610940,57,"-",10471,"peak20613","Tgoln1",NA,NA,NA,"Tgoln1",NA,FALSE,NA,"utr3","Tgoln1",0.000621526458641903,2.70035827323943,NA,"miR-194-5p",NA,"miR-139-3p","ENSMUSG00000056429","Q62313","22134"
"chr6",120795296,120795349,54,"-",4026,"peak20871","Atp6v1e1",NA,NA,NA,"Atp6v1e1",NA,FALSE,NA,"utr3","Atp6v1e1",0.0305446609595197,2.61679455744898,NA,"miR-194-5p, miR-23-3p, miR-7-5p",NA,"miR-28-3p","ENSMUSG00000019210","P50518","11973"
"chr7",28089659,28089745,87,"+",14989,"peak21129","Fcgbp",NA,NA,NA,NA,NA,FALSE,NA,"exon","Fcgbp",0.000764938178917756,2.16975015287966,NA,"miR-194-5p","miR-22-3p, miR-34-5p/449-5p","miR-182-5p, miR-96-5p","ENSMUSG00000047730","Q8C5Q6","215384"
"chr7",44225462,44225524,63,"+",31404,"peak21246","Klk1","Klk1","Klk1","Klk1",NA,NA,FALSE,NA,"utr5","Klk1",0.2110756451455,0.757736925696829,NA,"miR-194-5p",NA,NA,"ENSMUSG00000063903","P00755 P15947","16612"
"chr7",48827131,48827183,53,"+",3838,"peak21305","Zdhhc13",NA,NA,NA,"Zdhhc13",NA,FALSE,NA,"utr3","Zdhhc13",0.0757091060969236,1.51545351703275,NA,"miR-194-5p",NA,NA,"ENSMUSG00000030471","Q9CWU2","243983"
"chr7",113543322,113543371,50,"+",4786,"peak21548",NA,"Far1",NA,NA,NA,NA,FALSE,NA,"intron","Far1",0.0037586127801463,4.36647042619138,NA,"miR-194-5p",NA,"miR-378a-5p","ENSMUSG00000030759","Q922J9","67420"
"chr7",113557686,113557737,52,"+",3103,"peak21551",NA,"Far1",NA,NA,NA,NA,FALSE,NA,"intron","Far1",0.00711619255556435,4.48815156850271,NA,"miR-194-5p, miR-183-5p",NA,"miR-378-3p","ENSMUSG00000030759","Q922J9","67420"
"chr7",122079995,122080046,52,"+",2300,"peak21579","Ubfd1",NA,NA,NA,"Ubfd1","Ubfd1",FALSE,NA,"utr3","Ubfd1",0.499695188926991,0.645763836404677,NA,"miR-194-5p","miR-27-3p","miR-21ac-5p, miR-17-5p/20-5p/93-5p/106-5p","ENSMUSG00000030870","Q78JW9","28018"
"chr7",130913208,130913277,70,"+",3935,"peak21683","Plekha1",NA,NA,NA,"Plekha1","Plekha1",FALSE,NA,"utr3","Plekha1",0.0497707077077832,2.8618967067052,NA,"miR-194-5p, miR-30-5p/384-5p",NA,"miR-378-3p","ENSMUSG00000040268","Q8BUL6","101476"
"chr7",3666120,3666174,55,"-",1895,"peak21887","Tmc4",NA,NA,"Leng1",NA,NA,FALSE,NA,"utr5*","Tmc4 Leng1",0.564447716720748,-0.471874627489988,NA,"miR-194-5p",NA,NA,NA,"Q7TQ65 Q9DB98",NA
"chr7",30187196,30187255,60,"-",11218,"peak22161","Capns1",NA,NA,NA,"Capns1",NA,FALSE,NA,"utr3","Capns1",0.00545783213104557,1.93976917754067,NA,"miR-194-5p, miR-15-5p/16-5p/195-5p/322-5p/497-5p, miR-96-5p","miR-671-5p","miR-182-5p, miR-652-3p, miR-103-3p/107-3p","ENSMUSG00000001794","O88456","12336"
"chr7",45666197,45666251,55,"-",3062,"peak22278","Fut2","Fut2","Fut2",NA,NA,NA,FALSE,NA,"utr5","Fut2",0.102074328268243,-1.02612404059648,NA,"miR-194-5p, miR-192-5p/215-5p",NA,NA,"ENSMUSG00000055978","Q9JL27","14344"
"chr8",11833604,11833705,102,"+",3345,"peak22756","Arhgef7",NA,NA,NA,"Arhgef7",NA,FALSE,NA,"utr3","Arhgef7",0.259006026255609,1.03611386980188,NA,"miR-194-5p, miR-200-3p/429-3p",NA,"miR-103-3p/107-3p","ENSMUSG00000031511","Q9ES28","54126"
"chr8",45051987,45052036,50,"+",2958,"peak22845","Fat1",NA,NA,NA,"Fat1","Fat1",FALSE,NA,"utr3","Fat1",0.0835333508109743,1.75418798408199,NA,"miR-194-5p",NA,"miR-221-3p/222-3p","ENSMUSG00000070047","Q9QXA3","14107"
"chr8",106129364,106129417,54,"+",4646,"peak23087","Nfatc3",NA,NA,NA,"Nfatc3","Nfatc3",FALSE,NA,"utr3","Nfatc3",0.00355663993695281,4.36043742802365,NA,"miR-194-5p",NA,NA,"ENSMUSG00000031902","P97305","18021"
"chr8",106617295,106617360,66,"+",4018,"peak23094",NA,"Cdh1",NA,NA,NA,NA,FALSE,NA,"intron","Cdh1",0.00254396866660641,4.82287488592133,NA,"miR-194-5p",NA,NA,"ENSMUSG00000040420 ENSMUSG00000028217 ENSMUSG00000000303","Q9R100 P09803","320865 12557 12550"
"chr8",71691650,71691704,55,"-",14810,"peak23451","B3gnt3",NA,NA,NA,"B3gnt3",NA,FALSE,NA,"utr3","B3gnt3",4.36244704480685e-06,3.64188543566673,NA,"miR-194-5p",NA,NA,"ENSMUSG00000031803","Q5JCS9","72297"
"chr9",53537142,53537193,52,"+",1567,"peak23881","Npat","Npat","Npat",NA,NA,NA,FALSE,NA,"utr5","Npat",0.00730245406238489,-1.94292650438596,NA,"miR-194-5p, miR-221-3p/222-3p",NA,"miR-16-2-3p","ENSMUSG00000033054","Q8BMA5","244879"
"chr9",80094160,80094211,52,"+",5185,"peak24086","Senp6","Senp6",NA,NA,NA,"Senp6",FALSE,NA,"utr3*","Senp6",0.0018972201928355,4.59824143776814,NA,"miR-194-5p, miR-16-1-3p",NA,"miR-186-5p","ENSMUSG00000034252","Q6P7W0","215351"
"chr9",20434317,20434370,54,"-",2922,"peak24479","Zfp26",NA,NA,NA,"Zfp26",NA,FALSE,NA,"utr3","Zfp26",0.343750962755703,-0.792462345545758,"miR-29-3p","miR-194-5p",NA,NA,"ENSMUSG00000063108","P10076","22688"
"chr9",67221094,67221147,54,"-",15336,"peak24746","Tln2",NA,NA,NA,"Tln2","Tln2",FALSE,NA,"utr3","Tln2",0.586504892842895,0.447300771930516,"miR-200-3p/429-3p","miR-194-5p","miR-146ab-5p",NA,"ENSMUSG00000052698","Q71LX4","70549"
"chr9",70033675,70033743,69,"-",17236,"peak24768","Gcnt3",NA,NA,NA,"Gcnt3",NA,FALSE,NA,"utr3","Gcnt3",0.0274239727003081,1.36351333242238,NA,"miR-194-5p, miR-16-1-3p",NA,"miR-23-3p","ENSMUSG00000032226","Q5JCT0","72077"
"chr9",100493663,100493711,49,"-",3433,"peak24937","Nck1",NA,NA,NA,"Nck1","Nck1",FALSE,NA,"utr3","Nck1",0.0107603300634575,2.98751761241319,NA,"miR-194-5p",NA,NA,"ENSMUSG00000032475","Q99M51","17973"
"chr9",100999210,100999263,54,"-",1769,"peak24940","Pccb",NA,NA,NA,NA,NA,FALSE,NA,"exon","Pccb",0.0320566094596068,3.55509538092063,NA,"miR-194-5p",NA,NA,"ENSMUSG00000032527","Q99MN9","66904"
"chrX",16664691,16664747,57,"+",2111,"peak25223","Maoa",NA,NA,NA,NA,NA,FALSE,NA,"exon","Maoa",0.000228491905569361,-2.52436854102065,NA,"miR-194-5p",NA,"miR-185-5p","ENSMUSG00000025037","Q64133","17161"
"chrX",38600507,38600570,64,"+",6688,"peak25292",NA,NA,NA,"Mcts1",NA,NA,FALSE,NA,"utr5*","Mcts1",0.191497550083735,1.08573938460023,"miR-30a-3p/30d-3p/30e-3p","miR-194-5p",NA,"miR-21ac-5p","ENSMUSG00000000355","Q9DB27","68995"
"chrX",74257240,74257290,51,"+",3261,"peak25380","Emd","Emd",NA,NA,"Emd","Emd",FALSE,NA,"utr3","Emd",0.000618314149834579,5.30712064709877,NA,"miR-194-5p, miR-30-5p/384-5p",NA,"miR-103-3p/107-3p, miR-7-5p","ENSMUSG00000001964","O08579","13726"
"chrX",142837999,142838055,57,"+",1837,"peak25464","Tmem164","Tmem164",NA,NA,"Tmem164",NA,FALSE,NA,"utr3","Tmem164",0.707914617023351,-0.338189752009252,NA,"miR-194-5p",NA,NA,"ENSMUSG00000047045","Q6PHN7","209497"
"chrX",38631289,38631340,52,"-",2978,"peak25525","C1galt1c1",NA,NA,NA,NA,NA,FALSE,NA,"exon","C1galt1c1",0.0876322772346408,2.50735832016208,NA,"miR-194-5p, miR-361-5p",NA,NA,"ENSMUSG00000048970","Q9JMG2","59048"
"chrX",168669503,168669555,53,"-",5854,"peak25663","Msl3",NA,NA,NA,NA,NA,FALSE,NA,"exon","Msl3",0.0267395650879603,-1.32594592702142,NA,"miR-194-5p","miR-22-3p, miR-146ab-5p",NA,"ENSMUSG00000031358","Q9WVG9","17692"
"chr1",61786706,61786760,55,"+",1798,"peak1188",NA,"Pard3b",NA,NA,NA,NA,FALSE,NA,"intron","Pard3b",0.456280838521275,0.724421367675847,NA,NA,"miR-194-5p","miR-181-5p","ENSMUSG00000052062","Q9CSB4","72823"
"chr1",92957560,92957606,47,"+",1444,"peak1401",NA,"Gpr35",NA,NA,NA,NA,FALSE,NA,"intron","Gpr35",0.18203580752608,1.66307263085983,NA,NA,"miR-194-5p",NA,"ENSMUSG00000026271","Q9ES90","64095"
"chr1",132008808,132008860,53,"+",3767,"peak1555","Elk4","Elk4","Elk4",NA,NA,NA,FALSE,NA,"utr5","Elk4",0.533525540443754,0.567537384911883,NA,NA,"miR-194-5p",NA,"ENSMUSG00000026436","P41158","13714"
"chr1",151354033,151354092,60,"+",4741,"peak1689","Ivns1abp",NA,NA,NA,NA,NA,FALSE,NA,"exon","Ivns1abp",0.174712938181569,1.21315100875455,NA,NA,"miR-194-5p","miR-21ac-5p, miR-378a-5p, miR-671-5p","ENSMUSG00000023150","Q920Q8","117198"
"chr1",171446858,171446917,60,"+",3557,"peak1826",NA,"F11r",NA,NA,NA,NA,FALSE,NA,"intron","F11r",0.146450139827752,1.43406349869077,"miR-141-3p","miR-7-5p","miR-194-5p",NA,"ENSMUSG00000038235","O88792","16456"
"chr1",168308712,168308761,50,"-",2587,"peak2617",NA,"Pbx1",NA,NA,NA,NA,FALSE,NA,"intron","Pbx1",0.0168518845546754,3.67371937277736,NA,NA,"miR-194-5p, miR-30a-3p/30d-3p/30e-3p",NA,"ENSMUSG00000052534","P41778","18514"
"chr10",67220436,67220487,52,"+",5974,"peak2913","Jmjd1c",NA,NA,NA,NA,NA,FALSE,NA,"exon","Jmjd1c",0.541174425666947,0.538841055255512,NA,NA,"miR-194-5p",NA,"ENSMUSG00000037876","Q69ZK6","108829"
"chr10",111293921,111293981,61,"+",10845,"peak3267","Osbpl8",NA,NA,NA,"Osbpl8","Osbpl8",FALSE,NA,"utr3","Osbpl8",0.137433825802184,-1.15030047534131,NA,NA,"miR-22-3p, miR-194-5p, miR-30a-3p/30d-3p/30e-3p",NA,"ENSMUSG00000020189","B9EJ86","237542"
"chr11",45886452,45886506,55,"+",4850,"peak4128","Clint1",NA,NA,NA,NA,NA,FALSE,NA,"exon","Clint1",0.185454951261067,0.977841326011114,NA,"miR-1198-5p","miR-194-5p",NA,"ENSMUSG00000006169","Q99KN9","216705"
"chr11",74901485,74901535,51,"+",12243,"peak4477","Tsr1","Tsr1",NA,NA,"Tsr1","Tsr1",FALSE,NA,"utr3","Tsr1",0.0503660212449318,-1.10083530710487,NA,"miR-103-3p/107-3p, miR-15-5p/16-5p/195-5p/322-5p/497-5p","miR-194-5p",NA,"ENSMUSG00000038335","Q5SWD9","104662"
"chr11",100476660,100476718,59,"-",2508,"peak5758","Acly",NA,NA,NA,"Acly",NA,FALSE,NA,"utr3","Acly",0.944731640532565,0.0677170695373607,"miR-194-2-3p/6926-5p/7055-5p","miR-30a-3p/30d-3p/30e-3p","miR-194-5p",NA,"ENSMUSG00000020917","Q91V92","104112"
"chr11",107937745,107937802,58,"-",5735,"peak5869","Prkca",NA,NA,NA,"Prkca","Prkca",FALSE,NA,"utr3","Prkca",0.0131842962696537,3.48543010186311,NA,NA,"miR-194-5p",NA,"ENSMUSG00000050965","P20444","18750"
"chr12",8006027,8006077,51,"+",3698,"peak6101","Apob",NA,NA,NA,NA,NA,FALSE,NA,"exon","Apob",0.00655385301686878,4.1063910056471,NA,NA,"miR-194-5p",NA,"ENSMUSG00000020609","E9Q414","238055"
"chr12",44311859,44311916,58,"+",4360,"peak6228","Pnpla8",NA,NA,NA,"Pnpla8","Pnpla8",FALSE,NA,"utr3","Pnpla8",0.145100766753584,-1.04198568774853,"miR-96-5p",NA,"miR-182-5p, miR-194-5p",NA,"ENSMUSG00000036257","Q8K1N1","67452"
"chr12",21351575,21351628,54,"-",6355,"peak6532","Adam17",NA,NA,NA,"Adam17",NA,FALSE,NA,"utr3","Adam17",0.000104132968256309,5.76573677972419,"miR-484",NA,"miR-194-5p",NA,"ENSMUSG00000052593","Q9Z0F8","11491"
"chr12",84377010,84377106,97,"-",2501,"peak6717","Entpd5",NA,NA,NA,"Entpd5",NA,FALSE,NA,"utr3","Entpd5",0.813558506870246,0.23447431300213,"miR-23-3p","miR-140-5p, miR-186-5p","miR-194-5p",NA,"ENSMUSG00000021236","Q9WUZ9","12499"
"chr13",73331834,73331942,109,"+",4967,"peak7212","Mrpl36",NA,NA,NA,"Mrpl36","Mrpl36",FALSE,NA,"utr3","Mrpl36",0.343810727693252,0.842414176332704,NA,NA,"miR-194-5p","miR-501-5p, miR-362-5p","ENSMUSG00000021607","Q99N90","94066"
"chr13",98841698,98841753,56,"-",39599,"peak7814","Tnpo1",NA,NA,NA,"Tnpo1",NA,FALSE,NA,"utr3","Tnpo1",0.862267994510416,-0.0785397351757874,NA,"miR-141-3p","miR-194-5p","miR-425-5p/489-3p","ENSMUSG00000009470","Q8BFY9","238799"
"chr14",21240462,21240524,63,"+",890,"peak7997","Adk","Adk",NA,NA,NA,NA,FALSE,NA,"exon","Adk",0.000600308135876471,-2.70866594308686,NA,"miR-18-5p","miR-194-5p","miR-103-3p/107-3p","ENSMUSG00000039197","P55264","11534"
"chr14",70137798,70137871,74,"+",4642,"peak8270","Bin3",NA,NA,NA,"Bin3",NA,FALSE,NA,"utr3","Bin3",0.0171289815292739,3.65076576955734,NA,NA,"miR-194-5p","miR-103-3p/107-3p","ENSMUSG00000022089","Q9JI08","57784"
"chr15",3274673,3274780,108,"+",209194,"peak8718","Sepp1",NA,"Sepp1",NA,NA,NA,FALSE,NA,"utr5","Sepp1",0.0105466953631779,1.37999352962938,NA,NA,"miR-194-5p","miR-139-3p","ENSMUSG00000064373","P70274",NA
"chr15",96688482,96688541,60,"-",55069,"peak9695","Slc38a2",NA,NA,NA,"Slc38a2",NA,FALSE,NA,"utr3","Slc38a2",0.343810449247046,0.68952841123152,NA,"miR-23-3p","miR-194-5p","miR-23-3p, miR-328-3p, miR-1198-5p","ENSMUSG00000022462","Q8CFE6","67760"
"chr16",24617533,24617583,51,"+",3379,"peak9936",NA,"Lpp",NA,NA,NA,NA,FALSE,NA,"intron","Lpp",0.00792783930488133,4.01934578332902,NA,"miR-15-5p/16-5p/195-5p/322-5p/497-5p","miR-194-5p","miR-182-5p, miR-103-3p/107-3p, miR-96-5p, miR-324-3p","ENSMUSG00000033306","Q8BFW7","210126"
"chr16",35314118,35314169,52,"-",1837,"peak10421","Sec22a",NA,NA,NA,NA,NA,FALSE,NA,"exon","Sec22a",0.235594647682969,1.36956530234809,NA,NA,"miR-194-5p","miR-23-3p","ENSMUSG00000034473","Q8BH47","317717"
"chr18",6025288,6025342,55,"-",2102,"peak12035","Arhgap12",NA,NA,NA,"Arhgap12","Arhgap12",FALSE,NA,"utr3","Arhgap12",8.05304206650291e-07,-3.39906533964658,NA,"miR-10-5p","miR-194-5p","miR-532-5p","ENSMUSG00000041225","Q8C0D4","75415"
"chr18",47247702,47247753,52,"-",8298,"peak12244","Sema6a","Sema6a",NA,NA,"Sema6a",NA,FALSE,NA,"utr3","Sema6a",0.840535248824325,-0.154460467881559,"miR-27-3p, miR-141-3p",NA,"miR-194-5p","miR-30-5p/384-5p, miR-16-1-3p","ENSMUSG00000019647","O35464","20358"
"chr19",6053561,6053628,68,"+",3506,"peak12496","Syvn1",NA,NA,NA,"Syvn1",NA,FALSE,NA,"utr3","Syvn1",0.00727837180281993,-1.63889300936152,NA,"miR-15-5p/16-5p/195-5p/322-5p/497-5p","miR-194-5p","miR-103-3p/107-3p, miR-15-5p/16-5p/195-5p/322-5p/497-5p, miR-186-5p, miR-671-5p","ENSMUSG00000024807","Q9DBY1","74126"
"chr19",29602685,29602738,54,"+",2780,"peak12756","Ric1",NA,NA,NA,"Ric1","Ric1",FALSE,NA,"utr3","Ric1",0.389876628189401,-0.625136856268761,NA,"miR-7-5p","miR-194-5p",NA,"ENSMUSG00000038658","Q69ZJ7","226089"
"chr19",32823864,32823915,52,"+",16480,"peak12781","Pten",NA,NA,NA,"Pten",NA,FALSE,NA,"utr3","Pten",2.67277439967055e-05,4.62168117130796,NA,NA,"miR-194-5p","miR-27-3p","ENSMUSG00000013663","O08586","19211"
"chr19",46232277,46232327,51,"+",2121,"peak12909",NA,"Gbf1",NA,NA,NA,NA,FALSE,NA,"intron","Gbf1",0.0106799851706022,4.18535970799599,NA,NA,"miR-194-5p","miR-141-3p","ENSMUSG00000025224","Q8BWM0","107338"
"chr19",54047703,54047838,136,"+",4844,"peak12967","Adra2a",NA,NA,NA,"Adra2a",NA,FALSE,NA,"utr3","Adra2a",0.00957699462231089,4.04624579643721,NA,NA,"miR-194-5p","miR-24-3p, miR-30a-3p/30d-3p/30e-3p, miR-1198-5p","ENSMUSG00000033717","Q01338","11551"
"chr2",71856158,71856209,52,"+",16686,"peak13961","Itga6",NA,NA,NA,"Itga6","Itga6",FALSE,NA,"utr3","Itga6",0.00113848375641754,2.26060684173023,"miR-19-3p",NA,"miR-194-5p",NA,"ENSMUSG00000027111","Q61739","16403"
"chr2",51131882,51131977,96,"-",3642,"peak14827","Rnd3",NA,NA,NA,"Rnd3",NA,FALSE,NA,"utr3","Rnd3",0.949578246222681,-0.0525488026553884,NA,"miR-29-3p","miR-194-5p","miR-200-3p/429-3p, let-7-5p/miR-98-5p","ENSMUSG00000017144","P61588","74194"
"chr2",75675652,75675704,53,"-",3249,"peak14880","Nfe2l2",NA,NA,NA,"Nfe2l2",NA,FALSE,NA,"utr3","Nfe2l2",0.112988752748632,2.3955254975131,NA,NA,"miR-194-5p, miR-146ab-5p","miR-16-1-3p","ENSMUSG00000015839","Q60795","18024"
"chr2",80540988,80541038,51,"-",3959,"peak14900",NA,"Nckap1",NA,NA,NA,NA,FALSE,NA,"intron","Nckap1",0.00154719888796069,4.98806875277137,NA,NA,"miR-194-5p",NA,"ENSMUSG00000027002","P28660","50884"
"chr3",35839094,35839154,61,"+",3089,"peak15549","Atp11b",NA,NA,NA,NA,NA,FALSE,NA,"exon","Atp11b",0.00824787060774254,4.43807028789549,NA,"miR-345-5p","miR-194-5p, miR-183-5p",NA,"ENSMUSG00000037400","Q6ZQ17","76295"
"chr3",51673353,51673410,58,"+",7788,"peak15570","RP23-346I1.1","Mgst2",NA,NA,NA,NA,FALSE,NA,"exon","RP23-346I1.1 Mgst2",0.177456521481105,1.15350878551509,NA,"miR-484","miR-194-5p, miR-141-3p","miR-27-3p, miR-24-3p",NA,"A2RST1",NA
"chr3",86013563,86013606,44,"+",1102,"peak15626",NA,"Sh3d19",NA,NA,NA,NA,FALSE,NA,"intron","Sh3d19",0.0144648969406182,4.06484492105995,NA,NA,"miR-194-5p",NA,"ENSMUSG00000028082","Q91X43","27059"
"chr3",109167117,109167189,73,"+",2114,"peak15970","Slc25a24",NA,NA,NA,"Slc25a24",NA,FALSE,NA,"utr3","Slc25a24",0.0363481095612024,3.27416791924269,NA,NA,"miR-194-5p",NA,"ENSMUSG00000040322","Q8BMD8","229731"
"chr3",63943360,63943413,54,"-",10113,"peak16171","Slc33a1",NA,NA,NA,NA,NA,FALSE,NA,"exon","Slc33a1",0.102805577475704,1.06367941511199,NA,NA,"miR-194-5p",NA,"ENSMUSG00000027822","Q99J27","11416"
"chr3",89379226,89379286,61,"-",2159,"peak16275","Zbtb7b",NA,NA,NA,"Zbtb7b",NA,FALSE,NA,"utr3","Zbtb7b",0.191436372621897,-1.02085353301383,NA,NA,"miR-194-5p",NA,"ENSMUSG00000028042","Q64321","22724"
"chr4",45804093,45804141,49,"+",2235,"peak16763","Aldh1b1",NA,NA,NA,"Aldh1b1",NA,FALSE,NA,"utr3","Aldh1b1",0.357155867761994,1.12912950715645,NA,NA,"miR-194-5p, miR-141-3p, miR-484",NA,"ENSMUSG00000035561","Q9CZS1","72535"
"chr4",82803088,82803149,62,"-",9387,"peak17636","Zdhhc21",NA,NA,NA,"Zdhhc21","Zdhhc21",FALSE,NA,"utr3","Zdhhc21",0.244604451828931,1.01460154138356,"miR-671-5p",NA,"miR-21ac-5p, miR-194-5p","miR-194-5p","ENSMUSG00000028403","Q9D270","68268"
"chr5",8069028,8069084,57,"+",65040,"peak18226","Sri",NA,NA,NA,"Sri",NA,FALSE,NA,"utr3","Sri",6.14785676276328e-08,2.92852165658134,"miR-22-3p",NA,"miR-194-5p",NA,"ENSMUSG00000003161","Q6P069","109552"
"chr5",91573156,91573209,54,"+",2960,"peak18513",NA,"Parm1",NA,NA,NA,NA,FALSE,NA,"intron","Parm1",0.0288868387194481,3.52484012732881,NA,NA,"miR-194-5p, miR-139-3p",NA,"ENSMUSG00000034981","Q923D3","231440"
"chr5",44017441,44017496,56,"-",5636,"peak19027",NA,"Prom1",NA,NA,NA,NA,FALSE,NA,"intron","Prom1",0.00314313870203163,4.46458026519595,NA,NA,"miR-194-5p",NA,"ENSMUSG00000029086","O54990","19126"
"chr6",35245279,35245329,51,"+",3203,"peak19805","Nup205","Nup205",NA,NA,NA,NA,FALSE,NA,"exon","Nup205",0.00686099167712138,4.08698615495393,NA,"miR-652-3p","miR-194-5p, miR-200-3p/429-3p","miR-19-3p","ENSMUSG00000038759","B9EJ54","70699"
"chr6",3374454,3374506,53,"-",8404,"peak20396","Samd9l",NA,NA,NA,NA,NA,FALSE,NA,"exon","Samd9l",0.00357328026412905,3.99091994125266,NA,NA,"miR-194-5p",NA,"ENSMUSG00000047735","Q69Z37","209086"
"chr6",24615103,24615164,62,"-",10116,"peak20439","Wasl",NA,NA,NA,"Wasl",NA,FALSE,NA,"utr3","Wasl",0.000973613203801778,4.96792425172896,NA,NA,"miR-194-5p","miR-194-5p","ENSMUSG00000029684","Q91YD9","73178"
"chr7",75610814,75610870,57,"+",6415,"peak21331","Akap13",NA,NA,NA,NA,NA,FALSE,NA,"exon","Akap13",0.181091240039161,0.961319224699085,NA,NA,"miR-194-5p, miR-106-3p",NA,"ENSMUSG00000066406","E9Q394","75547"
"chr7",79362975,79363037,63,"+",48849,"peak21385","Abhd2",NA,NA,NA,"Abhd2",NA,FALSE,NA,"utr3","Abhd2",0.00856534301251826,1.64058982292919,NA,"miR-194-2-3p/6926-5p/7055-5p, miR-378a-5p","miR-194-5p",NA,"ENSMUSG00000039202","Q9QXM0","54608"
"chr7",131444606,131444657,52,"+",26751,"peak21743","Acadsb",NA,NA,NA,"Acadsb",NA,FALSE,NA,"utr3","Acadsb",0.0425445041265009,1.34943307096692,NA,NA,"miR-194-5p, miR-24-3p",NA,"ENSMUSG00000030861","Q9DBL1","66885"
"chr7",138882251,138882300,50,"+",2392,"peak21749","Ppp2r2d",NA,NA,NA,NA,NA,FALSE,NA,"exon","Ppp2r2d",0.682927202210884,-0.319111188668686,NA,NA,"miR-194-5p",NA,"ENSMUSG00000041769","Q925E7","52432"
"chr8",41341424,41341480,57,"-",3552,"peak23368","Asah1",NA,NA,NA,"Asah1",NA,FALSE,NA,"utr3","Asah1",0.185192920923728,1.22066751924052,"miR-30-5p/384-5p",NA,"miR-194-5p",NA,"ENSMUSG00000031591","Q9WV54","11886"
"chr8",94822788,94822848,61,"-",7320,"peak23552","Ciapin1",NA,NA,NA,"Ciapin1","Ciapin1",FALSE,NA,"utr3","Ciapin1",0.00121749547900673,3.35214144706831,NA,NA,"miR-185-5p, miR-194-5p","miR-21ac-5p, miR-200-3p/429-3p","ENSMUSG00000031781","Q8WTY4","109006"
"chr8",109731020,109731073,54,"-",722,"peak23636","Atxn1l","Atxn1l",NA,NA,"Atxn1l",NA,FALSE,NA,"utr3","Atxn1l",1.8834536216315e-06,-4.62451344446571,"miR-17-5p/20-5p/93-5p/106-5p",NA,"miR-194-5p","miR-130-3p/301-3p","ENSMUSG00000069895","P0C7T6","52335"
"chr8",126589330,126589383,54,"-",41715,"peak23732","Irf2bp2",NA,NA,NA,"Irf2bp2",NA,FALSE,NA,"utr3","Irf2bp2",0.368581566710719,-0.431333658291402,NA,NA,"miR-194-5p","miR-194-5p","ENSMUSG00000051495","E9Q1P8","270110"
"chr9",21490015,21490069,55,"+",6305,"peak23769",NA,"Dnm2",NA,NA,NA,NA,FALSE,NA,"intron","Dnm2",0.00121963239593975,3.67317244278749,NA,NA,"miR-194-5p",NA,"ENSMUSG00000033335","P39054","13430"
"chr9",56496669,56496717,49,"+",1598,"peak23890","Hmg20a",NA,NA,NA,"Hmg20a",NA,FALSE,NA,"utr3","Hmg20a",0.103086311354039,2.3968905289049,"miR-141-3p",NA,"miR-194-5p","miR-185-5p, miR-1198-5p","ENSMUSG00000032329","Q9DC33","66867"
"chr9",70778795,70778859,65,"+",3619,"peak24045","Adam10",NA,NA,NA,"Adam10","Adam10",FALSE,NA,"utr3","Adam10",0.0307534948727924,2.90088666525249,NA,NA,"miR-194-5p","miR-27-3p, miR-22-3p, miR-15-5p/16-5p/195-5p/322-5p/497-5p","ENSMUSG00000054693","O35598","11487"
"chr9",72669977,72670038,62,"+",2406,"peak24053","Nedd4",NA,"Nedd4","Nedd4",NA,NA,FALSE,NA,"utr5","Nedd4",0.000356009466984037,-2.21687613632573,NA,NA,"miR-194-5p","miR-24-3p, miR-141-5p/6769b-3p","ENSMUSG00000032216","P46935","17999"
"chr9",70469353,70469405,53,"-",9587,"peak24784","Rnf111","Rnf111",NA,NA,NA,NA,FALSE,NA,"exon","Rnf111",0.450221066771655,-0.500936580386864,NA,NA,"miR-194-5p, let-7-5p/miR-98-5p",NA,"ENSMUSG00000032217","Q99ML9","93836"
"chr9",70604951,70605000,50,"-",13643,"peak24789","Fam63b",NA,NA,NA,"Fam63b",NA,FALSE,NA,"utr3","Fam63b",0.0522458388230346,-0.898855802010226,NA,NA,"miR-194-5p",NA,"ENSMUSG00000042444","Q6PDI6",NA
"chr9",82871542,82871592,51,"-",11856,"peak24860","Phip",NA,NA,NA,NA,NA,FALSE,NA,"exon","Phip",0.884548145113966,-0.143657186481786,NA,NA,"miR-194-5p",NA,"ENSMUSG00000032253","Q8VDD9","83946"
